instrument,ticker,company_name,gics_sector,gics_sub_industry,cik_company_id,stable_security_id,listing_id,source_role,source_url,observed_active_at_utc,known_from_utc
A,A,Agilent Technologies,Health Care,Life Sciences Tools & Services,CIK:0001090872,,,non_authoritative_reconciliation,https://en.wikipedia.org/wiki/List_of_S%26P_500_companies,2026-07-28T06:00:47.167136Z,2026-07-28T06:00:47.167136Z
AAPL,AAPL,Apple Inc.,Information Technology,"Technology Hardware, Storage & Peripherals",CIK:0000320193,,,non_authoritative_reconciliation,https://en.wikipedia.org/wiki/List_of_S%26P_500_companies,2026-07-28T06:00:47.167136Z,2026-07-28T06:00:47.167136Z
ABBV,ABBV,AbbVie,Health Care,Biotechnology,CIK:0001551152,,,non_authoritative_reconciliation,https://en.wikipedia.org/wiki/List_of_S%26P_500_companies,2026-07-28T06:00:47.167136Z,2026-07-28T06:00:47.167136Z
ABNB,ABNB,Airbnb,Consumer Discretionary,"Hotels, Resorts & Cruise Lines",CIK:0001559720,,,non_authoritative_reconciliation,https://en.wikipedia.org/wiki/List_of_S%26P_500_companies,2026-07-28T06:00:47.167136Z,2026-07-28T06:00:47.167136Z
ABT,ABT,Abbott Laboratories,Health Care,Health Care Equipment,CIK:0000001800,,,non_authoritative_reconciliation,https://en.wikipedia.org/wiki/List_of_S%26P_500_companies,2026-07-28T06:00:47.167136Z,2026-07-28T06:00:47.167136Z
ACGL,ACGL,Arch Capital Group,Financials,Property & Casualty Insurance,CIK:0000947484,,,non_authoritative_reconciliation,https://en.wikipedia.org/wiki/List_of_S%26P_500_companies,2026-07-28T06:00:47.167136Z,2026-07-28T06:00:47.167136Z
ACN,ACN,Accenture,Information Technology,IT Consulting & Other Services,CIK:0001467373,,,non_authoritative_reconciliation,https://en.wikipedia.org/wiki/List_of_S%26P_500_companies,2026-07-28T06:00:47.167136Z,2026-07-28T06:00:47.167136Z
ADBE,ADBE,Adobe Inc.,Information Technology,Application Software,CIK:0000796343,,,non_authoritative_reconciliation,https://en.wikipedia.org/wiki/List_of_S%26P_500_companies,2026-07-28T06:00:47.167136Z,2026-07-28T06:00:47.167136Z
ADI,ADI,Analog Devices,Information Technology,Semiconductors,CIK:0000006281,,,non_authoritative_reconciliation,https://en.wikipedia.org/wiki/List_of_S%26P_500_companies,2026-07-28T06:00:47.167136Z,2026-07-28T06:00:47.167136Z
ADM,ADM,Archer Daniels Midland,Consumer Staples,Agricultural Products & Services,CIK:0000007084,,,non_authoritative_reconciliation,https://en.wikipedia.org/wiki/List_of_S%26P_500_companies,2026-07-28T06:00:47.167136Z,2026-07-28T06:00:47.167136Z
ADP,ADP,Automatic Data Processing,Industrials,Human Resource & Employment Services,CIK:0000008670,,,non_authoritative_reconciliation,https://en.wikipedia.org/wiki/List_of_S%26P_500_companies,2026-07-28T06:00:47.167136Z,2026-07-28T06:00:47.167136Z
ADSK,ADSK,Autodesk,Information Technology,Application Software,CIK:0000769397,,,non_authoritative_reconciliation,https://en.wikipedia.org/wiki/List_of_S%26P_500_companies,2026-07-28T06:00:47.167136Z,2026-07-28T06:00:47.167136Z
AEE,AEE,Ameren,Utilities,Multi-Utilities,CIK:0001002910,,,non_authoritative_reconciliation,https://en.wikipedia.org/wiki/List_of_S%26P_500_companies,2026-07-28T06:00:47.167136Z,2026-07-28T06:00:47.167136Z
AEP,AEP,American Electric Power,Utilities,Electric Utilities,CIK:0000004904,,,non_authoritative_reconciliation,https://en.wikipedia.org/wiki/List_of_S%26P_500_companies,2026-07-28T06:00:47.167136Z,2026-07-28T06:00:47.167136Z
AES,AES,AES Corporation,Utilities,Independent Power Producers & Energy Traders,CIK:0000874761,,,non_authoritative_reconciliation,https://en.wikipedia.org/wiki/List_of_S%26P_500_companies,2026-07-28T06:00:47.167136Z,2026-07-28T06:00:47.167136Z
AFL,AFL,Aflac,Financials,Life & Health Insurance,CIK:0000004977,,,non_authoritative_reconciliation,https://en.wikipedia.org/wiki/List_of_S%26P_500_companies,2026-07-28T06:00:47.167136Z,2026-07-28T06:00:47.167136Z
AIG,AIG,American International Group,Financials,Multi-line Insurance,CIK:0000005272,,,non_authoritative_reconciliation,https://en.wikipedia.org/wiki/List_of_S%26P_500_companies,2026-07-28T06:00:47.167136Z,2026-07-28T06:00:47.167136Z
AIZ,AIZ,Assurant,Financials,Multi-line Insurance,CIK:0001267238,,,non_authoritative_reconciliation,https://en.wikipedia.org/wiki/List_of_S%26P_500_companies,2026-07-28T06:00:47.167136Z,2026-07-28T06:00:47.167136Z
AJG,AJG,Arthur J. Gallagher & Co.,Financials,Insurance Brokers,CIK:0000354190,,,non_authoritative_reconciliation,https://en.wikipedia.org/wiki/List_of_S%26P_500_companies,2026-07-28T06:00:47.167136Z,2026-07-28T06:00:47.167136Z
AKAM,AKAM,Akamai Technologies,Information Technology,Internet Services & Infrastructure,CIK:0001086222,,,non_authoritative_reconciliation,https://en.wikipedia.org/wiki/List_of_S%26P_500_companies,2026-07-28T06:00:47.167136Z,2026-07-28T06:00:47.167136Z
ALB,ALB,Albemarle Corporation,Materials,Specialty Chemicals,CIK:0000915913,,,non_authoritative_reconciliation,https://en.wikipedia.org/wiki/List_of_S%26P_500_companies,2026-07-28T06:00:47.167136Z,2026-07-28T06:00:47.167136Z
ALGN,ALGN,Align Technology,Health Care,Health Care Supplies,CIK:0001097149,,,non_authoritative_reconciliation,https://en.wikipedia.org/wiki/List_of_S%26P_500_companies,2026-07-28T06:00:47.167136Z,2026-07-28T06:00:47.167136Z
ALL,ALL,Allstate,Financials,Property & Casualty Insurance,CIK:0000899051,,,non_authoritative_reconciliation,https://en.wikipedia.org/wiki/List_of_S%26P_500_companies,2026-07-28T06:00:47.167136Z,2026-07-28T06:00:47.167136Z
ALLE,ALLE,Allegion,Industrials,Building Products,CIK:0001579241,,,non_authoritative_reconciliation,https://en.wikipedia.org/wiki/List_of_S%26P_500_companies,2026-07-28T06:00:47.167136Z,2026-07-28T06:00:47.167136Z
AMAT,AMAT,Applied Materials,Information Technology,Semiconductor Materials & Equipment,CIK:0000006951,,,non_authoritative_reconciliation,https://en.wikipedia.org/wiki/List_of_S%26P_500_companies,2026-07-28T06:00:47.167136Z,2026-07-28T06:00:47.167136Z
AMCR,AMCR,Amcor,Materials,Paper & Plastic Packaging Products & Materials,CIK:0001748790,,,non_authoritative_reconciliation,https://en.wikipedia.org/wiki/List_of_S%26P_500_companies,2026-07-28T06:00:47.167136Z,2026-07-28T06:00:47.167136Z
AMD,AMD,Advanced Micro Devices,Information Technology,Semiconductors,CIK:0000002488,,,non_authoritative_reconciliation,https://en.wikipedia.org/wiki/List_of_S%26P_500_companies,2026-07-28T06:00:47.167136Z,2026-07-28T06:00:47.167136Z
AME,AME,Ametek,Industrials,Electrical Components & Equipment,CIK:0001037868,,,non_authoritative_reconciliation,https://en.wikipedia.org/wiki/List_of_S%26P_500_companies,2026-07-28T06:00:47.167136Z,2026-07-28T06:00:47.167136Z
AMGN,AMGN,Amgen,Health Care,Biotechnology,CIK:0000318154,,,non_authoritative_reconciliation,https://en.wikipedia.org/wiki/List_of_S%26P_500_companies,2026-07-28T06:00:47.167136Z,2026-07-28T06:00:47.167136Z
AMP,AMP,Ameriprise Financial,Financials,Asset Management & Custody Banks,CIK:0000820027,,,non_authoritative_reconciliation,https://en.wikipedia.org/wiki/List_of_S%26P_500_companies,2026-07-28T06:00:47.167136Z,2026-07-28T06:00:47.167136Z
AMT,AMT,American Tower,Real Estate,Telecom Tower REITs,CIK:0001053507,,,non_authoritative_reconciliation,https://en.wikipedia.org/wiki/List_of_S%26P_500_companies,2026-07-28T06:00:47.167136Z,2026-07-28T06:00:47.167136Z
AMZN,AMZN,Amazon,Consumer Discretionary,Broadline Retail,CIK:0001018724,,,non_authoritative_reconciliation,https://en.wikipedia.org/wiki/List_of_S%26P_500_companies,2026-07-28T06:00:47.167136Z,2026-07-28T06:00:47.167136Z
ANET,ANET,Arista Networks,Information Technology,Communications Equipment,CIK:0001596532,,,non_authoritative_reconciliation,https://en.wikipedia.org/wiki/List_of_S%26P_500_companies,2026-07-28T06:00:47.167136Z,2026-07-28T06:00:47.167136Z
AON,AON,Aon plc,Financials,Insurance Brokers,CIK:0000315293,,,non_authoritative_reconciliation,https://en.wikipedia.org/wiki/List_of_S%26P_500_companies,2026-07-28T06:00:47.167136Z,2026-07-28T06:00:47.167136Z
AOS,AOS,A. O. Smith,Industrials,Building Products,CIK:0000091142,,,non_authoritative_reconciliation,https://en.wikipedia.org/wiki/List_of_S%26P_500_companies,2026-07-28T06:00:47.167136Z,2026-07-28T06:00:47.167136Z
APA,APA,APA Corporation,Energy,Oil & Gas Exploration & Production,CIK:0001841666,,,non_authoritative_reconciliation,https://en.wikipedia.org/wiki/List_of_S%26P_500_companies,2026-07-28T06:00:47.167136Z,2026-07-28T06:00:47.167136Z
APD,APD,Air Products,Materials,Industrial Gases,CIK:0000002969,,,non_authoritative_reconciliation,https://en.wikipedia.org/wiki/List_of_S%26P_500_companies,2026-07-28T06:00:47.167136Z,2026-07-28T06:00:47.167136Z
APH,APH,Amphenol,Information Technology,Electronic Components,CIK:0000820313,,,non_authoritative_reconciliation,https://en.wikipedia.org/wiki/List_of_S%26P_500_companies,2026-07-28T06:00:47.167136Z,2026-07-28T06:00:47.167136Z
APO,APO,Apollo Global Management,Financials,Asset Management & Custody Banks,CIK:0001858681,,,non_authoritative_reconciliation,https://en.wikipedia.org/wiki/List_of_S%26P_500_companies,2026-07-28T06:00:47.167136Z,2026-07-28T06:00:47.167136Z
APP,APP,AppLovin,Information Technology,Application Software,CIK:0001751008,,,non_authoritative_reconciliation,https://en.wikipedia.org/wiki/List_of_S%26P_500_companies,2026-07-28T06:00:47.167136Z,2026-07-28T06:00:47.167136Z
APTV,APTV,Aptiv,Consumer Discretionary,Automotive Parts & Equipment,CIK:0001521332,,,non_authoritative_reconciliation,https://en.wikipedia.org/wiki/List_of_S%26P_500_companies,2026-07-28T06:00:47.167136Z,2026-07-28T06:00:47.167136Z
ARE,ARE,Alexandria Real Estate Equities,Real Estate,Office REITs,CIK:0001035443,,,non_authoritative_reconciliation,https://en.wikipedia.org/wiki/List_of_S%26P_500_companies,2026-07-28T06:00:47.167136Z,2026-07-28T06:00:47.167136Z
ARES,ARES,Ares Management,Financials,Asset Management & Custody Banks,CIK:0001176948,,,non_authoritative_reconciliation,https://en.wikipedia.org/wiki/List_of_S%26P_500_companies,2026-07-28T06:00:47.167136Z,2026-07-28T06:00:47.167136Z
ATO,ATO,Atmos Energy,Utilities,Gas Utilities,CIK:0000731802,,,non_authoritative_reconciliation,https://en.wikipedia.org/wiki/List_of_S%26P_500_companies,2026-07-28T06:00:47.167136Z,2026-07-28T06:00:47.167136Z
AVB,AVB,AvalonBay Communities,Real Estate,Multi-Family Residential REITs,CIK:0000915912,,,non_authoritative_reconciliation,https://en.wikipedia.org/wiki/List_of_S%26P_500_companies,2026-07-28T06:00:47.167136Z,2026-07-28T06:00:47.167136Z
AVGO,AVGO,Broadcom,Information Technology,Semiconductors,CIK:0001730168,,,non_authoritative_reconciliation,https://en.wikipedia.org/wiki/List_of_S%26P_500_companies,2026-07-28T06:00:47.167136Z,2026-07-28T06:00:47.167136Z
AVY,AVY,Avery Dennison,Materials,Paper & Plastic Packaging Products & Materials,CIK:0000008818,,,non_authoritative_reconciliation,https://en.wikipedia.org/wiki/List_of_S%26P_500_companies,2026-07-28T06:00:47.167136Z,2026-07-28T06:00:47.167136Z
AWK,AWK,American Water Works,Utilities,Water Utilities,CIK:0001410636,,,non_authoritative_reconciliation,https://en.wikipedia.org/wiki/List_of_S%26P_500_companies,2026-07-28T06:00:47.167136Z,2026-07-28T06:00:47.167136Z
AXON,AXON,Axon Enterprise,Industrials,Aerospace & Defense,CIK:0001069183,,,non_authoritative_reconciliation,https://en.wikipedia.org/wiki/List_of_S%26P_500_companies,2026-07-28T06:00:47.167136Z,2026-07-28T06:00:47.167136Z
AXP,AXP,American Express,Financials,Consumer Finance,CIK:0000004962,,,non_authoritative_reconciliation,https://en.wikipedia.org/wiki/List_of_S%26P_500_companies,2026-07-28T06:00:47.167136Z,2026-07-28T06:00:47.167136Z
AZO,AZO,AutoZone,Consumer Discretionary,Automotive Retail,CIK:0000866787,,,non_authoritative_reconciliation,https://en.wikipedia.org/wiki/List_of_S%26P_500_companies,2026-07-28T06:00:47.167136Z,2026-07-28T06:00:47.167136Z
BA,BA,Boeing,Industrials,Aerospace & Defense,CIK:0000012927,,,non_authoritative_reconciliation,https://en.wikipedia.org/wiki/List_of_S%26P_500_companies,2026-07-28T06:00:47.167136Z,2026-07-28T06:00:47.167136Z
BAC,BAC,Bank of America,Financials,Diversified Banks,CIK:0000070858,,,non_authoritative_reconciliation,https://en.wikipedia.org/wiki/List_of_S%26P_500_companies,2026-07-28T06:00:47.167136Z,2026-07-28T06:00:47.167136Z
BALL,BALL,Ball Corporation,Materials,"Metal, Glass & Plastic Containers",CIK:0000009389,,,non_authoritative_reconciliation,https://en.wikipedia.org/wiki/List_of_S%26P_500_companies,2026-07-28T06:00:47.167136Z,2026-07-28T06:00:47.167136Z
BAX,BAX,Baxter International,Health Care,Health Care Equipment,CIK:0000010456,,,non_authoritative_reconciliation,https://en.wikipedia.org/wiki/List_of_S%26P_500_companies,2026-07-28T06:00:47.167136Z,2026-07-28T06:00:47.167136Z
BBY,BBY,Best Buy,Consumer Discretionary,Computer & Electronics Retail,CIK:0000764478,,,non_authoritative_reconciliation,https://en.wikipedia.org/wiki/List_of_S%26P_500_companies,2026-07-28T06:00:47.167136Z,2026-07-28T06:00:47.167136Z
BDX,BDX,Becton Dickinson,Health Care,Health Care Equipment,CIK:0000010795,,,non_authoritative_reconciliation,https://en.wikipedia.org/wiki/List_of_S%26P_500_companies,2026-07-28T06:00:47.167136Z,2026-07-28T06:00:47.167136Z
BEN,BEN,Franklin Resources,Financials,Asset Management & Custody Banks,CIK:0000038777,,,non_authoritative_reconciliation,https://en.wikipedia.org/wiki/List_of_S%26P_500_companies,2026-07-28T06:00:47.167136Z,2026-07-28T06:00:47.167136Z
BF.B,BF.B,Brown–Forman,Consumer Staples,Distillers & Vintners,CIK:0000014693,,,non_authoritative_reconciliation,https://en.wikipedia.org/wiki/List_of_S%26P_500_companies,2026-07-28T06:00:47.167136Z,2026-07-28T06:00:47.167136Z
BG,BG,Bunge Global,Consumer Staples,Agricultural Products & Services,CIK:0001996862,,,non_authoritative_reconciliation,https://en.wikipedia.org/wiki/List_of_S%26P_500_companies,2026-07-28T06:00:47.167136Z,2026-07-28T06:00:47.167136Z
BIIB,BIIB,Biogen,Health Care,Biotechnology,CIK:0000875045,,,non_authoritative_reconciliation,https://en.wikipedia.org/wiki/List_of_S%26P_500_companies,2026-07-28T06:00:47.167136Z,2026-07-28T06:00:47.167136Z
BKNG,BKNG,Booking Holdings,Consumer Discretionary,"Hotels, Resorts & Cruise Lines",CIK:0001075531,,,non_authoritative_reconciliation,https://en.wikipedia.org/wiki/List_of_S%26P_500_companies,2026-07-28T06:00:47.167136Z,2026-07-28T06:00:47.167136Z
BKR,BKR,Baker Hughes,Energy,Oil & Gas Equipment & Services,CIK:0001701605,,,non_authoritative_reconciliation,https://en.wikipedia.org/wiki/List_of_S%26P_500_companies,2026-07-28T06:00:47.167136Z,2026-07-28T06:00:47.167136Z
BLDR,BLDR,Builders FirstSource,Industrials,Building Products,CIK:0001316835,,,non_authoritative_reconciliation,https://en.wikipedia.org/wiki/List_of_S%26P_500_companies,2026-07-28T06:00:47.167136Z,2026-07-28T06:00:47.167136Z
BLK,BLK,BlackRock,Financials,Asset Management & Custody Banks,CIK:0002012383,,,non_authoritative_reconciliation,https://en.wikipedia.org/wiki/List_of_S%26P_500_companies,2026-07-28T06:00:47.167136Z,2026-07-28T06:00:47.167136Z
BMY,BMY,Bristol Myers Squibb,Health Care,Pharmaceuticals,CIK:0000014272,,,non_authoritative_reconciliation,https://en.wikipedia.org/wiki/List_of_S%26P_500_companies,2026-07-28T06:00:47.167136Z,2026-07-28T06:00:47.167136Z
BNY,BNY,BNY Mellon,Financials,Asset Management & Custody Banks,CIK:0001390777,,,non_authoritative_reconciliation,https://en.wikipedia.org/wiki/List_of_S%26P_500_companies,2026-07-28T06:00:47.167136Z,2026-07-28T06:00:47.167136Z
BR,BR,Broadridge Financial Solutions,Industrials,Data Processing & Outsourced Services,CIK:0001383312,,,non_authoritative_reconciliation,https://en.wikipedia.org/wiki/List_of_S%26P_500_companies,2026-07-28T06:00:47.167136Z,2026-07-28T06:00:47.167136Z
BRK.B,BRK.B,Berkshire Hathaway,Financials,Multi-Sector Holdings,CIK:0001067983,,,non_authoritative_reconciliation,https://en.wikipedia.org/wiki/List_of_S%26P_500_companies,2026-07-28T06:00:47.167136Z,2026-07-28T06:00:47.167136Z
BRO,BRO,Brown & Brown,Financials,Insurance Brokers,CIK:0000079282,,,non_authoritative_reconciliation,https://en.wikipedia.org/wiki/List_of_S%26P_500_companies,2026-07-28T06:00:47.167136Z,2026-07-28T06:00:47.167136Z
BSX,BSX,Boston Scientific,Health Care,Health Care Equipment,CIK:0000885725,,,non_authoritative_reconciliation,https://en.wikipedia.org/wiki/List_of_S%26P_500_companies,2026-07-28T06:00:47.167136Z,2026-07-28T06:00:47.167136Z
BX,BX,Blackstone Inc.,Financials,Asset Management & Custody Banks,CIK:0001393818,,,non_authoritative_reconciliation,https://en.wikipedia.org/wiki/List_of_S%26P_500_companies,2026-07-28T06:00:47.167136Z,2026-07-28T06:00:47.167136Z
BXP,BXP,"BXP, Inc.",Real Estate,Office REITs,CIK:0001037540,,,non_authoritative_reconciliation,https://en.wikipedia.org/wiki/List_of_S%26P_500_companies,2026-07-28T06:00:47.167136Z,2026-07-28T06:00:47.167136Z
C,C,Citigroup,Financials,Diversified Banks,CIK:0000831001,,,non_authoritative_reconciliation,https://en.wikipedia.org/wiki/List_of_S%26P_500_companies,2026-07-28T06:00:47.167136Z,2026-07-28T06:00:47.167136Z
CAH,CAH,Cardinal Health,Health Care,Health Care Distributors,CIK:0000721371,,,non_authoritative_reconciliation,https://en.wikipedia.org/wiki/List_of_S%26P_500_companies,2026-07-28T06:00:47.167136Z,2026-07-28T06:00:47.167136Z
CARR,CARR,Carrier Global,Industrials,Building Products,CIK:0001783180,,,non_authoritative_reconciliation,https://en.wikipedia.org/wiki/List_of_S%26P_500_companies,2026-07-28T06:00:47.167136Z,2026-07-28T06:00:47.167136Z
CASY,CASY,Casey's,Consumer Staples,Food Retail,CIK:0000726958,,,non_authoritative_reconciliation,https://en.wikipedia.org/wiki/List_of_S%26P_500_companies,2026-07-28T06:00:47.167136Z,2026-07-28T06:00:47.167136Z
CAT,CAT,Caterpillar Inc.,Industrials,Construction Machinery & Heavy Transportation Equipment,CIK:0000018230,,,non_authoritative_reconciliation,https://en.wikipedia.org/wiki/List_of_S%26P_500_companies,2026-07-28T06:00:47.167136Z,2026-07-28T06:00:47.167136Z
CB,CB,Chubb Limited,Financials,Property & Casualty Insurance,CIK:0000896159,,,non_authoritative_reconciliation,https://en.wikipedia.org/wiki/List_of_S%26P_500_companies,2026-07-28T06:00:47.167136Z,2026-07-28T06:00:47.167136Z
CBOE,CBOE,Cboe Global Markets,Financials,Financial Exchanges & Data,CIK:0001374310,,,non_authoritative_reconciliation,https://en.wikipedia.org/wiki/List_of_S%26P_500_companies,2026-07-28T06:00:47.167136Z,2026-07-28T06:00:47.167136Z
CBRE,CBRE,CBRE Group,Real Estate,Real Estate Services,CIK:0001138118,,,non_authoritative_reconciliation,https://en.wikipedia.org/wiki/List_of_S%26P_500_companies,2026-07-28T06:00:47.167136Z,2026-07-28T06:00:47.167136Z
CCI,CCI,Crown Castle,Real Estate,Telecom Tower REITs,CIK:0001051470,,,non_authoritative_reconciliation,https://en.wikipedia.org/wiki/List_of_S%26P_500_companies,2026-07-28T06:00:47.167136Z,2026-07-28T06:00:47.167136Z
CCL,CCL,Carnival Corporation,Consumer Discretionary,"Hotels, Resorts & Cruise Lines",CIK:0000815097,,,non_authoritative_reconciliation,https://en.wikipedia.org/wiki/List_of_S%26P_500_companies,2026-07-28T06:00:47.167136Z,2026-07-28T06:00:47.167136Z
CDNS,CDNS,Cadence Design Systems,Information Technology,Application Software,CIK:0000813672,,,non_authoritative_reconciliation,https://en.wikipedia.org/wiki/List_of_S%26P_500_companies,2026-07-28T06:00:47.167136Z,2026-07-28T06:00:47.167136Z
CDW,CDW,CDW Corporation,Information Technology,Technology Distributors,CIK:0001402057,,,non_authoritative_reconciliation,https://en.wikipedia.org/wiki/List_of_S%26P_500_companies,2026-07-28T06:00:47.167136Z,2026-07-28T06:00:47.167136Z
CEG,CEG,Constellation Energy,Utilities,Electric Utilities,CIK:0001868275,,,non_authoritative_reconciliation,https://en.wikipedia.org/wiki/List_of_S%26P_500_companies,2026-07-28T06:00:47.167136Z,2026-07-28T06:00:47.167136Z
CF,CF,CF Industries,Materials,Fertilizers & Agricultural Chemicals,CIK:0001324404,,,non_authoritative_reconciliation,https://en.wikipedia.org/wiki/List_of_S%26P_500_companies,2026-07-28T06:00:47.167136Z,2026-07-28T06:00:47.167136Z
CFG,CFG,Citizens Financial Group,Financials,Regional Banks,CIK:0000759944,,,non_authoritative_reconciliation,https://en.wikipedia.org/wiki/List_of_S%26P_500_companies,2026-07-28T06:00:47.167136Z,2026-07-28T06:00:47.167136Z
CHD,CHD,Church & Dwight,Consumer Staples,Household Products,CIK:0000313927,,,non_authoritative_reconciliation,https://en.wikipedia.org/wiki/List_of_S%26P_500_companies,2026-07-28T06:00:47.167136Z,2026-07-28T06:00:47.167136Z
CHRW,CHRW,C.H. Robinson,Industrials,Air Freight & Logistics,CIK:0001043277,,,non_authoritative_reconciliation,https://en.wikipedia.org/wiki/List_of_S%26P_500_companies,2026-07-28T06:00:47.167136Z,2026-07-28T06:00:47.167136Z
CHTR,CHTR,Charter Communications,Communication Services,Cable & Satellite,CIK:0001091667,,,non_authoritative_reconciliation,https://en.wikipedia.org/wiki/List_of_S%26P_500_companies,2026-07-28T06:00:47.167136Z,2026-07-28T06:00:47.167136Z
CI,CI,Cigna,Health Care,Health Care Services,CIK:0001739940,,,non_authoritative_reconciliation,https://en.wikipedia.org/wiki/List_of_S%26P_500_companies,2026-07-28T06:00:47.167136Z,2026-07-28T06:00:47.167136Z
CIEN,CIEN,Ciena,Information Technology,Communications Equipment,CIK:0000936395,,,non_authoritative_reconciliation,https://en.wikipedia.org/wiki/List_of_S%26P_500_companies,2026-07-28T06:00:47.167136Z,2026-07-28T06:00:47.167136Z
CINF,CINF,Cincinnati Financial,Financials,Property & Casualty Insurance,CIK:0000020286,,,non_authoritative_reconciliation,https://en.wikipedia.org/wiki/List_of_S%26P_500_companies,2026-07-28T06:00:47.167136Z,2026-07-28T06:00:47.167136Z
CL,CL,Colgate-Palmolive,Consumer Staples,Household Products,CIK:0000021665,,,non_authoritative_reconciliation,https://en.wikipedia.org/wiki/List_of_S%26P_500_companies,2026-07-28T06:00:47.167136Z,2026-07-28T06:00:47.167136Z
CLX,CLX,Clorox,Consumer Staples,Household Products,CIK:0000021076,,,non_authoritative_reconciliation,https://en.wikipedia.org/wiki/List_of_S%26P_500_companies,2026-07-28T06:00:47.167136Z,2026-07-28T06:00:47.167136Z
CMCSA,CMCSA,Comcast,Communication Services,Cable & Satellite,CIK:0001166691,,,non_authoritative_reconciliation,https://en.wikipedia.org/wiki/List_of_S%26P_500_companies,2026-07-28T06:00:47.167136Z,2026-07-28T06:00:47.167136Z
CME,CME,CME Group,Financials,Financial Exchanges & Data,CIK:0001156375,,,non_authoritative_reconciliation,https://en.wikipedia.org/wiki/List_of_S%26P_500_companies,2026-07-28T06:00:47.167136Z,2026-07-28T06:00:47.167136Z
CMG,CMG,Chipotle Mexican Grill,Consumer Discretionary,Restaurants,CIK:0001058090,,,non_authoritative_reconciliation,https://en.wikipedia.org/wiki/List_of_S%26P_500_companies,2026-07-28T06:00:47.167136Z,2026-07-28T06:00:47.167136Z
CMI,CMI,Cummins,Industrials,Construction Machinery & Heavy Transportation Equipment,CIK:0000026172,,,non_authoritative_reconciliation,https://en.wikipedia.org/wiki/List_of_S%26P_500_companies,2026-07-28T06:00:47.167136Z,2026-07-28T06:00:47.167136Z
CMS,CMS,CMS Energy,Utilities,Multi-Utilities,CIK:0000811156,,,non_authoritative_reconciliation,https://en.wikipedia.org/wiki/List_of_S%26P_500_companies,2026-07-28T06:00:47.167136Z,2026-07-28T06:00:47.167136Z
CNC,CNC,Centene Corporation,Health Care,Managed Health Care,CIK:0001071739,,,non_authoritative_reconciliation,https://en.wikipedia.org/wiki/List_of_S%26P_500_companies,2026-07-28T06:00:47.167136Z,2026-07-28T06:00:47.167136Z
CNP,CNP,CenterPoint Energy,Utilities,Multi-Utilities,CIK:0001130310,,,non_authoritative_reconciliation,https://en.wikipedia.org/wiki/List_of_S%26P_500_companies,2026-07-28T06:00:47.167136Z,2026-07-28T06:00:47.167136Z
COF,COF,Capital One,Financials,Consumer Finance,CIK:0000927628,,,non_authoritative_reconciliation,https://en.wikipedia.org/wiki/List_of_S%26P_500_companies,2026-07-28T06:00:47.167136Z,2026-07-28T06:00:47.167136Z
COHR,COHR,Coherent Corp.,Information Technology,Electronic Components,CIK:0000820318,,,non_authoritative_reconciliation,https://en.wikipedia.org/wiki/List_of_S%26P_500_companies,2026-07-28T06:00:47.167136Z,2026-07-28T06:00:47.167136Z
COIN,COIN,Coinbase,Financials,Financial Exchanges & Data,CIK:0001679788,,,non_authoritative_reconciliation,https://en.wikipedia.org/wiki/List_of_S%26P_500_companies,2026-07-28T06:00:47.167136Z,2026-07-28T06:00:47.167136Z
COO,COO,Cooper Companies (The),Health Care,Health Care Supplies,CIK:0000711404,,,non_authoritative_reconciliation,https://en.wikipedia.org/wiki/List_of_S%26P_500_companies,2026-07-28T06:00:47.167136Z,2026-07-28T06:00:47.167136Z
COP,COP,ConocoPhillips,Energy,Oil & Gas Exploration & Production,CIK:0001163165,,,non_authoritative_reconciliation,https://en.wikipedia.org/wiki/List_of_S%26P_500_companies,2026-07-28T06:00:47.167136Z,2026-07-28T06:00:47.167136Z
COR,COR,Cencora,Health Care,Health Care Distributors,CIK:0001140859,,,non_authoritative_reconciliation,https://en.wikipedia.org/wiki/List_of_S%26P_500_companies,2026-07-28T06:00:47.167136Z,2026-07-28T06:00:47.167136Z
COST,COST,Costco,Consumer Staples,Consumer Staples Merchandise Retail,CIK:0000909832,,,non_authoritative_reconciliation,https://en.wikipedia.org/wiki/List_of_S%26P_500_companies,2026-07-28T06:00:47.167136Z,2026-07-28T06:00:47.167136Z
CPAY,CPAY,Corpay,Financials,Transaction & Payment Processing Services,CIK:0001175454,,,non_authoritative_reconciliation,https://en.wikipedia.org/wiki/List_of_S%26P_500_companies,2026-07-28T06:00:47.167136Z,2026-07-28T06:00:47.167136Z
CPRT,CPRT,Copart,Industrials,Diversified Support Services,CIK:0000900075,,,non_authoritative_reconciliation,https://en.wikipedia.org/wiki/List_of_S%26P_500_companies,2026-07-28T06:00:47.167136Z,2026-07-28T06:00:47.167136Z
CPT,CPT,Camden Property Trust,Real Estate,Multi-Family Residential REITs,CIK:0000906345,,,non_authoritative_reconciliation,https://en.wikipedia.org/wiki/List_of_S%26P_500_companies,2026-07-28T06:00:47.167136Z,2026-07-28T06:00:47.167136Z
CRH,CRH,CRH plc,Materials,Construction Materials,CIK:0000849395,,,non_authoritative_reconciliation,https://en.wikipedia.org/wiki/List_of_S%26P_500_companies,2026-07-28T06:00:47.167136Z,2026-07-28T06:00:47.167136Z
CRL,CRL,Charles River Laboratories,Health Care,Life Sciences Tools & Services,CIK:0001100682,,,non_authoritative_reconciliation,https://en.wikipedia.org/wiki/List_of_S%26P_500_companies,2026-07-28T06:00:47.167136Z,2026-07-28T06:00:47.167136Z
CRM,CRM,Salesforce,Information Technology,Application Software,CIK:0001108524,,,non_authoritative_reconciliation,https://en.wikipedia.org/wiki/List_of_S%26P_500_companies,2026-07-28T06:00:47.167136Z,2026-07-28T06:00:47.167136Z
CRWD,CRWD,CrowdStrike,Information Technology,Systems Software,CIK:0001535527,,,non_authoritative_reconciliation,https://en.wikipedia.org/wiki/List_of_S%26P_500_companies,2026-07-28T06:00:47.167136Z,2026-07-28T06:00:47.167136Z
CSCO,CSCO,Cisco,Information Technology,Communications Equipment,CIK:0000858877,,,non_authoritative_reconciliation,https://en.wikipedia.org/wiki/List_of_S%26P_500_companies,2026-07-28T06:00:47.167136Z,2026-07-28T06:00:47.167136Z
CSGP,CSGP,CoStar Group,Real Estate,Real Estate Services,CIK:0001057352,,,non_authoritative_reconciliation,https://en.wikipedia.org/wiki/List_of_S%26P_500_companies,2026-07-28T06:00:47.167136Z,2026-07-28T06:00:47.167136Z
CSX,CSX,CSX Corporation,Industrials,Rail Transportation,CIK:0000277948,,,non_authoritative_reconciliation,https://en.wikipedia.org/wiki/List_of_S%26P_500_companies,2026-07-28T06:00:47.167136Z,2026-07-28T06:00:47.167136Z
CTAS,CTAS,Cintas,Industrials,Diversified Support Services,CIK:0000723254,,,non_authoritative_reconciliation,https://en.wikipedia.org/wiki/List_of_S%26P_500_companies,2026-07-28T06:00:47.167136Z,2026-07-28T06:00:47.167136Z
CTSH,CTSH,Cognizant,Information Technology,IT Consulting & Other Services,CIK:0001058290,,,non_authoritative_reconciliation,https://en.wikipedia.org/wiki/List_of_S%26P_500_companies,2026-07-28T06:00:47.167136Z,2026-07-28T06:00:47.167136Z
CTVA,CTVA,Corteva,Materials,Fertilizers & Agricultural Chemicals,CIK:0001755672,,,non_authoritative_reconciliation,https://en.wikipedia.org/wiki/List_of_S%26P_500_companies,2026-07-28T06:00:47.167136Z,2026-07-28T06:00:47.167136Z
CVNA,CVNA,Carvana,Consumer Discretionary,Automotive Retail,CIK:0001690820,,,non_authoritative_reconciliation,https://en.wikipedia.org/wiki/List_of_S%26P_500_companies,2026-07-28T06:00:47.167136Z,2026-07-28T06:00:47.167136Z
CVS,CVS,CVS Health,Health Care,Health Care Services,CIK:0000064803,,,non_authoritative_reconciliation,https://en.wikipedia.org/wiki/List_of_S%26P_500_companies,2026-07-28T06:00:47.167136Z,2026-07-28T06:00:47.167136Z
CVX,CVX,Chevron Corporation,Energy,Integrated Oil & Gas,CIK:0000093410,,,non_authoritative_reconciliation,https://en.wikipedia.org/wiki/List_of_S%26P_500_companies,2026-07-28T06:00:47.167136Z,2026-07-28T06:00:47.167136Z
D,D,Dominion Energy,Utilities,Multi-Utilities,CIK:0000715957,,,non_authoritative_reconciliation,https://en.wikipedia.org/wiki/List_of_S%26P_500_companies,2026-07-28T06:00:47.167136Z,2026-07-28T06:00:47.167136Z
DAL,DAL,Delta Air Lines,Industrials,Passenger Airlines,CIK:0000027904,,,non_authoritative_reconciliation,https://en.wikipedia.org/wiki/List_of_S%26P_500_companies,2026-07-28T06:00:47.167136Z,2026-07-28T06:00:47.167136Z
DASH,DASH,DoorDash,Consumer Discretionary,Specialized Consumer Services,CIK:0001792789,,,non_authoritative_reconciliation,https://en.wikipedia.org/wiki/List_of_S%26P_500_companies,2026-07-28T06:00:47.167136Z,2026-07-28T06:00:47.167136Z
DD,DD,DuPont,Materials,Specialty Chemicals,CIK:0001666700,,,non_authoritative_reconciliation,https://en.wikipedia.org/wiki/List_of_S%26P_500_companies,2026-07-28T06:00:47.167136Z,2026-07-28T06:00:47.167136Z
DDOG,DDOG,Datadog,Information Technology,Application Software,CIK:0001561550,,,non_authoritative_reconciliation,https://en.wikipedia.org/wiki/List_of_S%26P_500_companies,2026-07-28T06:00:47.167136Z,2026-07-28T06:00:47.167136Z
DE,DE,Deere & Company,Industrials,Agricultural & Farm Machinery,CIK:0000315189,,,non_authoritative_reconciliation,https://en.wikipedia.org/wiki/List_of_S%26P_500_companies,2026-07-28T06:00:47.167136Z,2026-07-28T06:00:47.167136Z
DECK,DECK,Deckers Brands,Consumer Discretionary,Footwear,CIK:0000910521,,,non_authoritative_reconciliation,https://en.wikipedia.org/wiki/List_of_S%26P_500_companies,2026-07-28T06:00:47.167136Z,2026-07-28T06:00:47.167136Z
DELL,DELL,Dell Technologies,Information Technology,"Technology Hardware, Storage & Peripherals",CIK:0001571996,,,non_authoritative_reconciliation,https://en.wikipedia.org/wiki/List_of_S%26P_500_companies,2026-07-28T06:00:47.167136Z,2026-07-28T06:00:47.167136Z
DG,DG,Dollar General,Consumer Staples,Consumer Staples Merchandise Retail,CIK:0000029534,,,non_authoritative_reconciliation,https://en.wikipedia.org/wiki/List_of_S%26P_500_companies,2026-07-28T06:00:47.167136Z,2026-07-28T06:00:47.167136Z
DGX,DGX,Quest Diagnostics,Health Care,Health Care Services,CIK:0001022079,,,non_authoritative_reconciliation,https://en.wikipedia.org/wiki/List_of_S%26P_500_companies,2026-07-28T06:00:47.167136Z,2026-07-28T06:00:47.167136Z
DHI,DHI,D. R. Horton,Consumer Discretionary,Homebuilding,CIK:0000882184,,,non_authoritative_reconciliation,https://en.wikipedia.org/wiki/List_of_S%26P_500_companies,2026-07-28T06:00:47.167136Z,2026-07-28T06:00:47.167136Z
DHR,DHR,Danaher Corporation,Health Care,Life Sciences Tools & Services,CIK:0000313616,,,non_authoritative_reconciliation,https://en.wikipedia.org/wiki/List_of_S%26P_500_companies,2026-07-28T06:00:47.167136Z,2026-07-28T06:00:47.167136Z
DIS,DIS,Walt Disney Company (The),Communication Services,Movies & Entertainment,CIK:0001744489,,,non_authoritative_reconciliation,https://en.wikipedia.org/wiki/List_of_S%26P_500_companies,2026-07-28T06:00:47.167136Z,2026-07-28T06:00:47.167136Z
DLR,DLR,Digital Realty,Real Estate,Data Center REITs,CIK:0001297996,,,non_authoritative_reconciliation,https://en.wikipedia.org/wiki/List_of_S%26P_500_companies,2026-07-28T06:00:47.167136Z,2026-07-28T06:00:47.167136Z
DLTR,DLTR,Dollar Tree,Consumer Staples,Consumer Staples Merchandise Retail,CIK:0000935703,,,non_authoritative_reconciliation,https://en.wikipedia.org/wiki/List_of_S%26P_500_companies,2026-07-28T06:00:47.167136Z,2026-07-28T06:00:47.167136Z
DOC,DOC,Healthpeak Properties,Real Estate,Health Care REITs,CIK:0000765880,,,non_authoritative_reconciliation,https://en.wikipedia.org/wiki/List_of_S%26P_500_companies,2026-07-28T06:00:47.167136Z,2026-07-28T06:00:47.167136Z
DOV,DOV,Dover Corporation,Industrials,Industrial Machinery & Supplies & Components,CIK:0000029905,,,non_authoritative_reconciliation,https://en.wikipedia.org/wiki/List_of_S%26P_500_companies,2026-07-28T06:00:47.167136Z,2026-07-28T06:00:47.167136Z
DOW,DOW,Dow Inc.,Materials,Commodity Chemicals,CIK:0001751788,,,non_authoritative_reconciliation,https://en.wikipedia.org/wiki/List_of_S%26P_500_companies,2026-07-28T06:00:47.167136Z,2026-07-28T06:00:47.167136Z
DPZ,DPZ,Domino's,Consumer Discretionary,Restaurants,CIK:0001286681,,,non_authoritative_reconciliation,https://en.wikipedia.org/wiki/List_of_S%26P_500_companies,2026-07-28T06:00:47.167136Z,2026-07-28T06:00:47.167136Z
DRI,DRI,Darden Restaurants,Consumer Discretionary,Restaurants,CIK:0000940944,,,non_authoritative_reconciliation,https://en.wikipedia.org/wiki/List_of_S%26P_500_companies,2026-07-28T06:00:47.167136Z,2026-07-28T06:00:47.167136Z
DTE,DTE,DTE Energy,Utilities,Multi-Utilities,CIK:0000936340,,,non_authoritative_reconciliation,https://en.wikipedia.org/wiki/List_of_S%26P_500_companies,2026-07-28T06:00:47.167136Z,2026-07-28T06:00:47.167136Z
DUK,DUK,Duke Energy,Utilities,Electric Utilities,CIK:0001326160,,,non_authoritative_reconciliation,https://en.wikipedia.org/wiki/List_of_S%26P_500_companies,2026-07-28T06:00:47.167136Z,2026-07-28T06:00:47.167136Z
DVA,DVA,DaVita,Health Care,Health Care Services,CIK:0000927066,,,non_authoritative_reconciliation,https://en.wikipedia.org/wiki/List_of_S%26P_500_companies,2026-07-28T06:00:47.167136Z,2026-07-28T06:00:47.167136Z
DVN,DVN,Devon Energy,Energy,Oil & Gas Exploration & Production,CIK:0001090012,,,non_authoritative_reconciliation,https://en.wikipedia.org/wiki/List_of_S%26P_500_companies,2026-07-28T06:00:47.167136Z,2026-07-28T06:00:47.167136Z
DXCM,DXCM,Dexcom,Health Care,Health Care Equipment,CIK:0001093557,,,non_authoritative_reconciliation,https://en.wikipedia.org/wiki/List_of_S%26P_500_companies,2026-07-28T06:00:47.167136Z,2026-07-28T06:00:47.167136Z
EBAY,EBAY,eBay Inc.,Consumer Discretionary,Broadline Retail,CIK:0001065088,,,non_authoritative_reconciliation,https://en.wikipedia.org/wiki/List_of_S%26P_500_companies,2026-07-28T06:00:47.167136Z,2026-07-28T06:00:47.167136Z
ECHO,ECHO,EchoStar,Communication Services,Wireless Telecommunication Services,CIK:0001415404,,,non_authoritative_reconciliation,https://en.wikipedia.org/wiki/List_of_S%26P_500_companies,2026-07-28T06:00:47.167136Z,2026-07-28T06:00:47.167136Z
ECL,ECL,Ecolab,Materials,Specialty Chemicals,CIK:0000031462,,,non_authoritative_reconciliation,https://en.wikipedia.org/wiki/List_of_S%26P_500_companies,2026-07-28T06:00:47.167136Z,2026-07-28T06:00:47.167136Z
ED,ED,Consolidated Edison,Utilities,Multi-Utilities,CIK:0001047862,,,non_authoritative_reconciliation,https://en.wikipedia.org/wiki/List_of_S%26P_500_companies,2026-07-28T06:00:47.167136Z,2026-07-28T06:00:47.167136Z
EFX,EFX,Equifax,Industrials,Research & Consulting Services,CIK:0000033185,,,non_authoritative_reconciliation,https://en.wikipedia.org/wiki/List_of_S%26P_500_companies,2026-07-28T06:00:47.167136Z,2026-07-28T06:00:47.167136Z
EG,EG,Everest Group,Financials,Reinsurance,CIK:0001095073,,,non_authoritative_reconciliation,https://en.wikipedia.org/wiki/List_of_S%26P_500_companies,2026-07-28T06:00:47.167136Z,2026-07-28T06:00:47.167136Z
EIX,EIX,Edison International,Utilities,Electric Utilities,CIK:0000827052,,,non_authoritative_reconciliation,https://en.wikipedia.org/wiki/List_of_S%26P_500_companies,2026-07-28T06:00:47.167136Z,2026-07-28T06:00:47.167136Z
EL,EL,Estée Lauder Companies (The),Consumer Staples,Personal Care Products,CIK:0001001250,,,non_authoritative_reconciliation,https://en.wikipedia.org/wiki/List_of_S%26P_500_companies,2026-07-28T06:00:47.167136Z,2026-07-28T06:00:47.167136Z
ELV,ELV,Elevance Health,Health Care,Managed Health Care,CIK:0001156039,,,non_authoritative_reconciliation,https://en.wikipedia.org/wiki/List_of_S%26P_500_companies,2026-07-28T06:00:47.167136Z,2026-07-28T06:00:47.167136Z
EME,EME,Emcor,Industrials,Construction & Engineering,CIK:0000105634,,,non_authoritative_reconciliation,https://en.wikipedia.org/wiki/List_of_S%26P_500_companies,2026-07-28T06:00:47.167136Z,2026-07-28T06:00:47.167136Z
EMR,EMR,Emerson Electric,Industrials,Electrical Components & Equipment,CIK:0000032604,,,non_authoritative_reconciliation,https://en.wikipedia.org/wiki/List_of_S%26P_500_companies,2026-07-28T06:00:47.167136Z,2026-07-28T06:00:47.167136Z
EOG,EOG,EOG Resources,Energy,Oil & Gas Exploration & Production,CIK:0000821189,,,non_authoritative_reconciliation,https://en.wikipedia.org/wiki/List_of_S%26P_500_companies,2026-07-28T06:00:47.167136Z,2026-07-28T06:00:47.167136Z
EQIX,EQIX,Equinix,Real Estate,Data Center REITs,CIK:0001101239,,,non_authoritative_reconciliation,https://en.wikipedia.org/wiki/List_of_S%26P_500_companies,2026-07-28T06:00:47.167136Z,2026-07-28T06:00:47.167136Z
EQR,EQR,Equity Residential,Real Estate,Multi-Family Residential REITs,CIK:0000906107,,,non_authoritative_reconciliation,https://en.wikipedia.org/wiki/List_of_S%26P_500_companies,2026-07-28T06:00:47.167136Z,2026-07-28T06:00:47.167136Z
EQT,EQT,EQT Corporation,Energy,Oil & Gas Exploration & Production,CIK:0000033213,,,non_authoritative_reconciliation,https://en.wikipedia.org/wiki/List_of_S%26P_500_companies,2026-07-28T06:00:47.167136Z,2026-07-28T06:00:47.167136Z
ERIE,ERIE,Erie Indemnity,Financials,Insurance Brokers,CIK:0000922621,,,non_authoritative_reconciliation,https://en.wikipedia.org/wiki/List_of_S%26P_500_companies,2026-07-28T06:00:47.167136Z,2026-07-28T06:00:47.167136Z
ES,ES,Eversource Energy,Utilities,Electric Utilities,CIK:0000072741,,,non_authoritative_reconciliation,https://en.wikipedia.org/wiki/List_of_S%26P_500_companies,2026-07-28T06:00:47.167136Z,2026-07-28T06:00:47.167136Z
ESS,ESS,Essex Property Trust,Real Estate,Multi-Family Residential REITs,CIK:0000920522,,,non_authoritative_reconciliation,https://en.wikipedia.org/wiki/List_of_S%26P_500_companies,2026-07-28T06:00:47.167136Z,2026-07-28T06:00:47.167136Z
ETN,ETN,Eaton Corporation,Industrials,Electrical Components & Equipment,CIK:0001551182,,,non_authoritative_reconciliation,https://en.wikipedia.org/wiki/List_of_S%26P_500_companies,2026-07-28T06:00:47.167136Z,2026-07-28T06:00:47.167136Z
ETR,ETR,Entergy,Utilities,Electric Utilities,CIK:0000065984,,,non_authoritative_reconciliation,https://en.wikipedia.org/wiki/List_of_S%26P_500_companies,2026-07-28T06:00:47.167136Z,2026-07-28T06:00:47.167136Z
EVRG,EVRG,Evergy,Utilities,Electric Utilities,CIK:0001711269,,,non_authoritative_reconciliation,https://en.wikipedia.org/wiki/List_of_S%26P_500_companies,2026-07-28T06:00:47.167136Z,2026-07-28T06:00:47.167136Z
EW,EW,Edwards Lifesciences,Health Care,Health Care Equipment,CIK:0001099800,,,non_authoritative_reconciliation,https://en.wikipedia.org/wiki/List_of_S%26P_500_companies,2026-07-28T06:00:47.167136Z,2026-07-28T06:00:47.167136Z
EXC,EXC,Exelon,Utilities,Electric Utilities,CIK:0001109357,,,non_authoritative_reconciliation,https://en.wikipedia.org/wiki/List_of_S%26P_500_companies,2026-07-28T06:00:47.167136Z,2026-07-28T06:00:47.167136Z
EXE,EXE,Expand Energy,Energy,Oil & Gas Exploration & Production,CIK:0000895126,,,non_authoritative_reconciliation,https://en.wikipedia.org/wiki/List_of_S%26P_500_companies,2026-07-28T06:00:47.167136Z,2026-07-28T06:00:47.167136Z
EXPD,EXPD,Expeditors International,Industrials,Air Freight & Logistics,CIK:0000746515,,,non_authoritative_reconciliation,https://en.wikipedia.org/wiki/List_of_S%26P_500_companies,2026-07-28T06:00:47.167136Z,2026-07-28T06:00:47.167136Z
EXPE,EXPE,Expedia Group,Consumer Discretionary,"Hotels, Resorts & Cruise Lines",CIK:0001324424,,,non_authoritative_reconciliation,https://en.wikipedia.org/wiki/List_of_S%26P_500_companies,2026-07-28T06:00:47.167136Z,2026-07-28T06:00:47.167136Z
EXR,EXR,Extra Space Storage,Real Estate,Self-Storage REITs,CIK:0001289490,,,non_authoritative_reconciliation,https://en.wikipedia.org/wiki/List_of_S%26P_500_companies,2026-07-28T06:00:47.167136Z,2026-07-28T06:00:47.167136Z
F,F,Ford Motor Company,Consumer Discretionary,Automobile Manufacturers,CIK:0000037996,,,non_authoritative_reconciliation,https://en.wikipedia.org/wiki/List_of_S%26P_500_companies,2026-07-28T06:00:47.167136Z,2026-07-28T06:00:47.167136Z
FANG,FANG,Diamondback Energy,Energy,Oil & Gas Exploration & Production,CIK:0001539838,,,non_authoritative_reconciliation,https://en.wikipedia.org/wiki/List_of_S%26P_500_companies,2026-07-28T06:00:47.167136Z,2026-07-28T06:00:47.167136Z
FAST,FAST,Fastenal,Industrials,Trading Companies & Distributors,CIK:0000815556,,,non_authoritative_reconciliation,https://en.wikipedia.org/wiki/List_of_S%26P_500_companies,2026-07-28T06:00:47.167136Z,2026-07-28T06:00:47.167136Z
FCX,FCX,Freeport-McMoRan,Materials,Copper,CIK:0000831259,,,non_authoritative_reconciliation,https://en.wikipedia.org/wiki/List_of_S%26P_500_companies,2026-07-28T06:00:47.167136Z,2026-07-28T06:00:47.167136Z
FDS,FDS,FactSet,Financials,Financial Exchanges & Data,CIK:0001013237,,,non_authoritative_reconciliation,https://en.wikipedia.org/wiki/List_of_S%26P_500_companies,2026-07-28T06:00:47.167136Z,2026-07-28T06:00:47.167136Z
FDX,FDX,FedEx,Industrials,Air Freight & Logistics,CIK:0001048911,,,non_authoritative_reconciliation,https://en.wikipedia.org/wiki/List_of_S%26P_500_companies,2026-07-28T06:00:47.167136Z,2026-07-28T06:00:47.167136Z
FDXF,FDXF,FedEx Freight,Industrials,Cargo Ground Transportation,CIK:0002082247,,,non_authoritative_reconciliation,https://en.wikipedia.org/wiki/List_of_S%26P_500_companies,2026-07-28T06:00:47.167136Z,2026-07-28T06:00:47.167136Z
FE,FE,FirstEnergy,Utilities,Electric Utilities,CIK:0001031296,,,non_authoritative_reconciliation,https://en.wikipedia.org/wiki/List_of_S%26P_500_companies,2026-07-28T06:00:47.167136Z,2026-07-28T06:00:47.167136Z
FERG,FERG,Ferguson Enterprises,Industrials,Trading Companies & Distributors,,,,official_membership_event,https://press.spglobal.com/2026-07-31-Ferguson-Enterprises-Set-to-Join-S-P-500-and-ADI-Global-Distribution-to-Join-S-P-SmallCap-600,2026-08-20T09:32:53.478975Z,2026-08-20T09:32:53.478975Z
FFIV,FFIV,"F5, Inc.",Information Technology,Communications Equipment,CIK:0001048695,,,non_authoritative_reconciliation,https://en.wikipedia.org/wiki/List_of_S%26P_500_companies,2026-07-28T06:00:47.167136Z,2026-07-28T06:00:47.167136Z
FICO,FICO,Fair Isaac,Information Technology,Application Software,CIK:0000814547,,,non_authoritative_reconciliation,https://en.wikipedia.org/wiki/List_of_S%26P_500_companies,2026-07-28T06:00:47.167136Z,2026-07-28T06:00:47.167136Z
FIS,FIS,Fidelity National Information Services,Financials,Transaction & Payment Processing Services,CIK:0001136893,,,non_authoritative_reconciliation,https://en.wikipedia.org/wiki/List_of_S%26P_500_companies,2026-07-28T06:00:47.167136Z,2026-07-28T06:00:47.167136Z
FISV,FISV,Fiserv,Financials,Transaction & Payment Processing Services,CIK:0000798354,,,non_authoritative_reconciliation,https://en.wikipedia.org/wiki/List_of_S%26P_500_companies,2026-07-28T06:00:47.167136Z,2026-07-28T06:00:47.167136Z
FITB,FITB,Fifth Third Bancorp,Financials,Regional Banks,CIK:0000035527,,,non_authoritative_reconciliation,https://en.wikipedia.org/wiki/List_of_S%26P_500_companies,2026-07-28T06:00:47.167136Z,2026-07-28T06:00:47.167136Z
FIX,FIX,Comfort Systems USA,Industrials,Construction & Engineering,CIK:0001035983,,,non_authoritative_reconciliation,https://en.wikipedia.org/wiki/List_of_S%26P_500_companies,2026-07-28T06:00:47.167136Z,2026-07-28T06:00:47.167136Z
FLEX,FLEX,Flex Ltd.,Information Technology,Electronic Manufacturing Services,CIK:0000866374,,,non_authoritative_reconciliation,https://en.wikipedia.org/wiki/List_of_S%26P_500_companies,2026-07-28T06:00:47.167136Z,2026-07-28T06:00:47.167136Z
FOX,FOX,Fox Corporation (Class B),Communication Services,Broadcasting,CIK:0001754301,,,non_authoritative_reconciliation,https://en.wikipedia.org/wiki/List_of_S%26P_500_companies,2026-07-28T06:00:47.167136Z,2026-07-28T06:00:47.167136Z
FOXA,FOXA,Fox Corporation (Class A),Communication Services,Broadcasting,CIK:0001754301,,,non_authoritative_reconciliation,https://en.wikipedia.org/wiki/List_of_S%26P_500_companies,2026-07-28T06:00:47.167136Z,2026-07-28T06:00:47.167136Z
FRT,FRT,Federal Realty Investment Trust,Real Estate,Retail REITs,CIK:0000034903,,,non_authoritative_reconciliation,https://en.wikipedia.org/wiki/List_of_S%26P_500_companies,2026-07-28T06:00:47.167136Z,2026-07-28T06:00:47.167136Z
FSLR,FSLR,First Solar,Information Technology,Semiconductors,CIK:0001274494,,,non_authoritative_reconciliation,https://en.wikipedia.org/wiki/List_of_S%26P_500_companies,2026-07-28T06:00:47.167136Z,2026-07-28T06:00:47.167136Z
FTNT,FTNT,Fortinet,Information Technology,Systems Software,CIK:0001262039,,,non_authoritative_reconciliation,https://en.wikipedia.org/wiki/List_of_S%26P_500_companies,2026-07-28T06:00:47.167136Z,2026-07-28T06:00:47.167136Z
FTV,FTV,Fortive,Industrials,Industrial Machinery & Supplies & Components,CIK:0001659166,,,non_authoritative_reconciliation,https://en.wikipedia.org/wiki/List_of_S%26P_500_companies,2026-07-28T06:00:47.167136Z,2026-07-28T06:00:47.167136Z
GD,GD,General Dynamics,Industrials,Aerospace & Defense,CIK:0000040533,,,non_authoritative_reconciliation,https://en.wikipedia.org/wiki/List_of_S%26P_500_companies,2026-07-28T06:00:47.167136Z,2026-07-28T06:00:47.167136Z
GDDY,GDDY,GoDaddy,Information Technology,Internet Services & Infrastructure,CIK:0001609711,,,non_authoritative_reconciliation,https://en.wikipedia.org/wiki/List_of_S%26P_500_companies,2026-07-28T06:00:47.167136Z,2026-07-28T06:00:47.167136Z
GE,GE,GE Aerospace,Industrials,Aerospace & Defense,CIK:0000040545,,,non_authoritative_reconciliation,https://en.wikipedia.org/wiki/List_of_S%26P_500_companies,2026-07-28T06:00:47.167136Z,2026-07-28T06:00:47.167136Z
GEHC,GEHC,GE HealthCare,Health Care,Health Care Equipment,CIK:0001932393,,,non_authoritative_reconciliation,https://en.wikipedia.org/wiki/List_of_S%26P_500_companies,2026-07-28T06:00:47.167136Z,2026-07-28T06:00:47.167136Z
GEN,GEN,Gen Digital,Information Technology,Systems Software,CIK:0000849399,,,non_authoritative_reconciliation,https://en.wikipedia.org/wiki/List_of_S%26P_500_companies,2026-07-28T06:00:47.167136Z,2026-07-28T06:00:47.167136Z
GEV,GEV,GE Vernova,Industrials,Heavy Electrical Equipment,CIK:0001996810,,,non_authoritative_reconciliation,https://en.wikipedia.org/wiki/List_of_S%26P_500_companies,2026-07-28T06:00:47.167136Z,2026-07-28T06:00:47.167136Z
GILD,GILD,Gilead Sciences,Health Care,Biotechnology,CIK:0000882095,,,non_authoritative_reconciliation,https://en.wikipedia.org/wiki/List_of_S%26P_500_companies,2026-07-28T06:00:47.167136Z,2026-07-28T06:00:47.167136Z
GIS,GIS,General Mills,Consumer Staples,Packaged Foods & Meats,CIK:0000040704,,,non_authoritative_reconciliation,https://en.wikipedia.org/wiki/List_of_S%26P_500_companies,2026-07-28T06:00:47.167136Z,2026-07-28T06:00:47.167136Z
GL,GL,Globe Life,Financials,Life & Health Insurance,CIK:0000320335,,,non_authoritative_reconciliation,https://en.wikipedia.org/wiki/List_of_S%26P_500_companies,2026-07-28T06:00:47.167136Z,2026-07-28T06:00:47.167136Z
GLW,GLW,Corning Inc.,Information Technology,Electronic Components,CIK:0000024741,,,non_authoritative_reconciliation,https://en.wikipedia.org/wiki/List_of_S%26P_500_companies,2026-07-28T06:00:47.167136Z,2026-07-28T06:00:47.167136Z
GM,GM,General Motors,Consumer Discretionary,Automobile Manufacturers,CIK:0001467858,,,non_authoritative_reconciliation,https://en.wikipedia.org/wiki/List_of_S%26P_500_companies,2026-07-28T06:00:47.167136Z,2026-07-28T06:00:47.167136Z
GNRC,GNRC,Generac,Industrials,Heavy Electrical Equipment,CIK:0001474735,,,non_authoritative_reconciliation,https://en.wikipedia.org/wiki/List_of_S%26P_500_companies,2026-07-28T06:00:47.167136Z,2026-07-28T06:00:47.167136Z
GOOG,GOOG,Alphabet Inc. (Class C),Communication Services,Interactive Media & Services,CIK:0001652044,,,non_authoritative_reconciliation,https://en.wikipedia.org/wiki/List_of_S%26P_500_companies,2026-07-28T06:00:47.167136Z,2026-07-28T06:00:47.167136Z
GOOGL,GOOGL,Alphabet Inc. (Class A),Communication Services,Interactive Media & Services,CIK:0001652044,,,non_authoritative_reconciliation,https://en.wikipedia.org/wiki/List_of_S%26P_500_companies,2026-07-28T06:00:47.167136Z,2026-07-28T06:00:47.167136Z
GPC,GPC,Genuine Parts Company,Consumer Discretionary,Distributors,CIK:0000040987,,,non_authoritative_reconciliation,https://en.wikipedia.org/wiki/List_of_S%26P_500_companies,2026-07-28T06:00:47.167136Z,2026-07-28T06:00:47.167136Z
GPN,GPN,Global Payments,Financials,Transaction & Payment Processing Services,CIK:0001123360,,,non_authoritative_reconciliation,https://en.wikipedia.org/wiki/List_of_S%26P_500_companies,2026-07-28T06:00:47.167136Z,2026-07-28T06:00:47.167136Z
GRMN,GRMN,Garmin,Consumer Discretionary,Consumer Electronics,CIK:0001121788,,,non_authoritative_reconciliation,https://en.wikipedia.org/wiki/List_of_S%26P_500_companies,2026-07-28T06:00:47.167136Z,2026-07-28T06:00:47.167136Z
GS,GS,Goldman Sachs,Financials,Investment Banking & Brokerage,CIK:0000886982,,,non_authoritative_reconciliation,https://en.wikipedia.org/wiki/List_of_S%26P_500_companies,2026-07-28T06:00:47.167136Z,2026-07-28T06:00:47.167136Z
GWW,GWW,W. W. Grainger,Industrials,Industrial Machinery & Supplies & Components,CIK:0000277135,,,non_authoritative_reconciliation,https://en.wikipedia.org/wiki/List_of_S%26P_500_companies,2026-07-28T06:00:47.167136Z,2026-07-28T06:00:47.167136Z
HAL,HAL,Halliburton,Energy,Oil & Gas Equipment & Services,CIK:0000045012,,,non_authoritative_reconciliation,https://en.wikipedia.org/wiki/List_of_S%26P_500_companies,2026-07-28T06:00:47.167136Z,2026-07-28T06:00:47.167136Z
HAS,HAS,Hasbro,Consumer Discretionary,Leisure Products,CIK:0000046080,,,non_authoritative_reconciliation,https://en.wikipedia.org/wiki/List_of_S%26P_500_companies,2026-07-28T06:00:47.167136Z,2026-07-28T06:00:47.167136Z
HBAN,HBAN,Huntington Bancshares,Financials,Regional Banks,CIK:0000049196,,,non_authoritative_reconciliation,https://en.wikipedia.org/wiki/List_of_S%26P_500_companies,2026-07-28T06:00:47.167136Z,2026-07-28T06:00:47.167136Z
HCA,HCA,HCA Healthcare,Health Care,Health Care Facilities,CIK:0000860730,,,non_authoritative_reconciliation,https://en.wikipedia.org/wiki/List_of_S%26P_500_companies,2026-07-28T06:00:47.167136Z,2026-07-28T06:00:47.167136Z
HD,HD,Home Depot (The),Consumer Discretionary,Home Improvement Retail,CIK:0000354950,,,non_authoritative_reconciliation,https://en.wikipedia.org/wiki/List_of_S%26P_500_companies,2026-07-28T06:00:47.167136Z,2026-07-28T06:00:47.167136Z
HIG,HIG,Hartford (The),Financials,Property & Casualty Insurance,CIK:0000874766,,,non_authoritative_reconciliation,https://en.wikipedia.org/wiki/List_of_S%26P_500_companies,2026-07-28T06:00:47.167136Z,2026-07-28T06:00:47.167136Z
HII,HII,Huntington Ingalls Industries,Industrials,Aerospace & Defense,CIK:0001501585,,,non_authoritative_reconciliation,https://en.wikipedia.org/wiki/List_of_S%26P_500_companies,2026-07-28T06:00:47.167136Z,2026-07-28T06:00:47.167136Z
HLT,HLT,Hilton Worldwide,Consumer Discretionary,"Hotels, Resorts & Cruise Lines",CIK:0001585689,,,non_authoritative_reconciliation,https://en.wikipedia.org/wiki/List_of_S%26P_500_companies,2026-07-28T06:00:47.167136Z,2026-07-28T06:00:47.167136Z
HON,HON,Honeywell Technologies,Industrials,Industrial Conglomerates,CIK:0000773840,,,non_authoritative_reconciliation,https://en.wikipedia.org/wiki/List_of_S%26P_500_companies,2026-07-28T06:00:47.167136Z,2026-07-28T06:00:47.167136Z
HONA,HONA,Honeywell Aerospace,Industrials,Aerospace & Defense,CIK:0002089271,,,non_authoritative_reconciliation,https://en.wikipedia.org/wiki/List_of_S%26P_500_companies,2026-07-28T06:00:47.167136Z,2026-07-28T06:00:47.167136Z
HOOD,HOOD,Robinhood Markets,Financials,Investment Banking & Brokerage,CIK:0001783879,,,non_authoritative_reconciliation,https://en.wikipedia.org/wiki/List_of_S%26P_500_companies,2026-07-28T06:00:47.167136Z,2026-07-28T06:00:47.167136Z
HPE,HPE,Hewlett Packard Enterprise,Information Technology,"Technology Hardware, Storage & Peripherals",CIK:0001645590,,,non_authoritative_reconciliation,https://en.wikipedia.org/wiki/List_of_S%26P_500_companies,2026-07-28T06:00:47.167136Z,2026-07-28T06:00:47.167136Z
HPQ,HPQ,HP Inc.,Information Technology,"Technology Hardware, Storage & Peripherals",CIK:0000047217,,,non_authoritative_reconciliation,https://en.wikipedia.org/wiki/List_of_S%26P_500_companies,2026-07-28T06:00:47.167136Z,2026-07-28T06:00:47.167136Z
HRL,HRL,Hormel Foods,Consumer Staples,Packaged Foods & Meats,CIK:0000048465,,,non_authoritative_reconciliation,https://en.wikipedia.org/wiki/List_of_S%26P_500_companies,2026-07-28T06:00:47.167136Z,2026-07-28T06:00:47.167136Z
HSIC,HSIC,Henry Schein,Health Care,Health Care Distributors,CIK:0001000228,,,non_authoritative_reconciliation,https://en.wikipedia.org/wiki/List_of_S%26P_500_companies,2026-07-28T06:00:47.167136Z,2026-07-28T06:00:47.167136Z
HST,HST,Host Hotels & Resorts,Real Estate,Hotel & Resort REITs,CIK:0001070750,,,non_authoritative_reconciliation,https://en.wikipedia.org/wiki/List_of_S%26P_500_companies,2026-07-28T06:00:47.167136Z,2026-07-28T06:00:47.167136Z
HSY,HSY,Hershey Company (The),Consumer Staples,Packaged Foods & Meats,CIK:0000047111,,,non_authoritative_reconciliation,https://en.wikipedia.org/wiki/List_of_S%26P_500_companies,2026-07-28T06:00:47.167136Z,2026-07-28T06:00:47.167136Z
HUBB,HUBB,Hubbell Incorporated,Industrials,Industrial Machinery & Supplies & Components,CIK:0000048898,,,non_authoritative_reconciliation,https://en.wikipedia.org/wiki/List_of_S%26P_500_companies,2026-07-28T06:00:47.167136Z,2026-07-28T06:00:47.167136Z
HUM,HUM,Humana,Health Care,Managed Health Care,CIK:0000049071,,,non_authoritative_reconciliation,https://en.wikipedia.org/wiki/List_of_S%26P_500_companies,2026-07-28T06:00:47.167136Z,2026-07-28T06:00:47.167136Z
HWM,HWM,Howmet Aerospace,Industrials,Aerospace & Defense,CIK:0000004281,,,non_authoritative_reconciliation,https://en.wikipedia.org/wiki/List_of_S%26P_500_companies,2026-07-28T06:00:47.167136Z,2026-07-28T06:00:47.167136Z
IBKR,IBKR,Interactive Brokers,Financials,Investment Banking & Brokerage,CIK:0001381197,,,non_authoritative_reconciliation,https://en.wikipedia.org/wiki/List_of_S%26P_500_companies,2026-07-28T06:00:47.167136Z,2026-07-28T06:00:47.167136Z
IBM,IBM,IBM,Information Technology,IT Consulting & Other Services,CIK:0000051143,,,non_authoritative_reconciliation,https://en.wikipedia.org/wiki/List_of_S%26P_500_companies,2026-07-28T06:00:47.167136Z,2026-07-28T06:00:47.167136Z
ICE,ICE,Intercontinental Exchange,Financials,Financial Exchanges & Data,CIK:0001571949,,,non_authoritative_reconciliation,https://en.wikipedia.org/wiki/List_of_S%26P_500_companies,2026-07-28T06:00:47.167136Z,2026-07-28T06:00:47.167136Z
IDXX,IDXX,Idexx Laboratories,Health Care,Health Care Equipment,CIK:0000874716,,,non_authoritative_reconciliation,https://en.wikipedia.org/wiki/List_of_S%26P_500_companies,2026-07-28T06:00:47.167136Z,2026-07-28T06:00:47.167136Z
IEX,IEX,IDEX Corporation,Industrials,Industrial Machinery & Supplies & Components,CIK:0000832101,,,non_authoritative_reconciliation,https://en.wikipedia.org/wiki/List_of_S%26P_500_companies,2026-07-28T06:00:47.167136Z,2026-07-28T06:00:47.167136Z
IFF,IFF,International Flavors & Fragrances,Materials,Specialty Chemicals,CIK:0000051253,,,non_authoritative_reconciliation,https://en.wikipedia.org/wiki/List_of_S%26P_500_companies,2026-07-28T06:00:47.167136Z,2026-07-28T06:00:47.167136Z
INCY,INCY,Incyte,Health Care,Biotechnology,CIK:0000879169,,,non_authoritative_reconciliation,https://en.wikipedia.org/wiki/List_of_S%26P_500_companies,2026-07-28T06:00:47.167136Z,2026-07-28T06:00:47.167136Z
INTC,INTC,Intel,Information Technology,Semiconductors,CIK:0000050863,,,non_authoritative_reconciliation,https://en.wikipedia.org/wiki/List_of_S%26P_500_companies,2026-07-28T06:00:47.167136Z,2026-07-28T06:00:47.167136Z
INTU,INTU,Intuit,Information Technology,Application Software,CIK:0000896878,,,non_authoritative_reconciliation,https://en.wikipedia.org/wiki/List_of_S%26P_500_companies,2026-07-28T06:00:47.167136Z,2026-07-28T06:00:47.167136Z
INVH,INVH,Invitation Homes,Real Estate,Single-Family Residential REITs,CIK:0001687229,,,non_authoritative_reconciliation,https://en.wikipedia.org/wiki/List_of_S%26P_500_companies,2026-07-28T06:00:47.167136Z,2026-07-28T06:00:47.167136Z
IP,IP,International Paper,Materials,Paper & Plastic Packaging Products & Materials,CIK:0000051434,,,non_authoritative_reconciliation,https://en.wikipedia.org/wiki/List_of_S%26P_500_companies,2026-07-28T06:00:47.167136Z,2026-07-28T06:00:47.167136Z
IQV,IQV,IQVIA,Health Care,Life Sciences Tools & Services,CIK:0001478242,,,non_authoritative_reconciliation,https://en.wikipedia.org/wiki/List_of_S%26P_500_companies,2026-07-28T06:00:47.167136Z,2026-07-28T06:00:47.167136Z
IR,IR,Ingersoll Rand,Industrials,Industrial Machinery & Supplies & Components,CIK:0001699150,,,non_authoritative_reconciliation,https://en.wikipedia.org/wiki/List_of_S%26P_500_companies,2026-07-28T06:00:47.167136Z,2026-07-28T06:00:47.167136Z
IRM,IRM,Iron Mountain,Real Estate,Other Specialized REITs,CIK:0001020569,,,non_authoritative_reconciliation,https://en.wikipedia.org/wiki/List_of_S%26P_500_companies,2026-07-28T06:00:47.167136Z,2026-07-28T06:00:47.167136Z
ISRG,ISRG,Intuitive Surgical,Health Care,Health Care Equipment,CIK:0001035267,,,non_authoritative_reconciliation,https://en.wikipedia.org/wiki/List_of_S%26P_500_companies,2026-07-28T06:00:47.167136Z,2026-07-28T06:00:47.167136Z
IT,IT,Gartner,Information Technology,IT Consulting & Other Services,CIK:0000749251,,,non_authoritative_reconciliation,https://en.wikipedia.org/wiki/List_of_S%26P_500_companies,2026-07-28T06:00:47.167136Z,2026-07-28T06:00:47.167136Z
ITW,ITW,Illinois Tool Works,Industrials,Industrial Machinery & Supplies & Components,CIK:0000049826,,,non_authoritative_reconciliation,https://en.wikipedia.org/wiki/List_of_S%26P_500_companies,2026-07-28T06:00:47.167136Z,2026-07-28T06:00:47.167136Z
IVZ,IVZ,Invesco,Financials,Asset Management & Custody Banks,CIK:0000914208,,,non_authoritative_reconciliation,https://en.wikipedia.org/wiki/List_of_S%26P_500_companies,2026-07-28T06:00:47.167136Z,2026-07-28T06:00:47.167136Z
J,J,Jacobs Solutions,Industrials,Construction & Engineering,CIK:0000052988,,,non_authoritative_reconciliation,https://en.wikipedia.org/wiki/List_of_S%26P_500_companies,2026-07-28T06:00:47.167136Z,2026-07-28T06:00:47.167136Z
JBHT,JBHT,J.B. Hunt,Industrials,Cargo Ground Transportation,CIK:0000728535,,,non_authoritative_reconciliation,https://en.wikipedia.org/wiki/List_of_S%26P_500_companies,2026-07-28T06:00:47.167136Z,2026-07-28T06:00:47.167136Z
JBL,JBL,Jabil,Information Technology,Electronic Manufacturing Services,CIK:0000898293,,,non_authoritative_reconciliation,https://en.wikipedia.org/wiki/List_of_S%26P_500_companies,2026-07-28T06:00:47.167136Z,2026-07-28T06:00:47.167136Z
JCI,JCI,Johnson Controls,Industrials,Building Products,CIK:0000833444,,,non_authoritative_reconciliation,https://en.wikipedia.org/wiki/List_of_S%26P_500_companies,2026-07-28T06:00:47.167136Z,2026-07-28T06:00:47.167136Z
JKHY,JKHY,Jack Henry & Associates,Financials,Transaction & Payment Processing Services,CIK:0000779152,,,non_authoritative_reconciliation,https://en.wikipedia.org/wiki/List_of_S%26P_500_companies,2026-07-28T06:00:47.167136Z,2026-07-28T06:00:47.167136Z
JNJ,JNJ,Johnson & Johnson,Health Care,Pharmaceuticals,CIK:0000200406,,,non_authoritative_reconciliation,https://en.wikipedia.org/wiki/List_of_S%26P_500_companies,2026-07-28T06:00:47.167136Z,2026-07-28T06:00:47.167136Z
JPM,JPM,JPMorgan Chase,Financials,Diversified Banks,CIK:0000019617,,,non_authoritative_reconciliation,https://en.wikipedia.org/wiki/List_of_S%26P_500_companies,2026-07-28T06:00:47.167136Z,2026-07-28T06:00:47.167136Z
KDP,KDP,Keurig Dr Pepper,Consumer Staples,Soft Drinks & Non-alcoholic Beverages,CIK:0001418135,,,non_authoritative_reconciliation,https://en.wikipedia.org/wiki/List_of_S%26P_500_companies,2026-07-28T06:00:47.167136Z,2026-07-28T06:00:47.167136Z
KEY,KEY,KeyCorp,Financials,Regional Banks,CIK:0000091576,,,non_authoritative_reconciliation,https://en.wikipedia.org/wiki/List_of_S%26P_500_companies,2026-07-28T06:00:47.167136Z,2026-07-28T06:00:47.167136Z
KEYS,KEYS,Keysight Technologies,Information Technology,Electronic Equipment & Instruments,CIK:0001601046,,,non_authoritative_reconciliation,https://en.wikipedia.org/wiki/List_of_S%26P_500_companies,2026-07-28T06:00:47.167136Z,2026-07-28T06:00:47.167136Z
KHC,KHC,Kraft Heinz,Consumer Staples,Packaged Foods & Meats,CIK:0001637459,,,non_authoritative_reconciliation,https://en.wikipedia.org/wiki/List_of_S%26P_500_companies,2026-07-28T06:00:47.167136Z,2026-07-28T06:00:47.167136Z
KIM,KIM,Kimco Realty,Real Estate,Retail REITs,CIK:0000879101,,,non_authoritative_reconciliation,https://en.wikipedia.org/wiki/List_of_S%26P_500_companies,2026-07-28T06:00:47.167136Z,2026-07-28T06:00:47.167136Z
KKR,KKR,KKR & Co.,Financials,Asset Management & Custody Banks,CIK:0001404912,,,non_authoritative_reconciliation,https://en.wikipedia.org/wiki/List_of_S%26P_500_companies,2026-07-28T06:00:47.167136Z,2026-07-28T06:00:47.167136Z
KLAC,KLAC,KLA Corporation,Information Technology,Semiconductor Materials & Equipment,CIK:0000319201,,,non_authoritative_reconciliation,https://en.wikipedia.org/wiki/List_of_S%26P_500_companies,2026-07-28T06:00:47.167136Z,2026-07-28T06:00:47.167136Z
KMB,KMB,Kimberly-Clark,Consumer Staples,Household Products,CIK:0000055785,,,non_authoritative_reconciliation,https://en.wikipedia.org/wiki/List_of_S%26P_500_companies,2026-07-28T06:00:47.167136Z,2026-07-28T06:00:47.167136Z
KMI,KMI,Kinder Morgan,Energy,Oil & Gas Storage & Transportation,CIK:0001506307,,,non_authoritative_reconciliation,https://en.wikipedia.org/wiki/List_of_S%26P_500_companies,2026-07-28T06:00:47.167136Z,2026-07-28T06:00:47.167136Z
KO,KO,Coca-Cola Company (The),Consumer Staples,Soft Drinks & Non-alcoholic Beverages,CIK:0000021344,,,non_authoritative_reconciliation,https://en.wikipedia.org/wiki/List_of_S%26P_500_companies,2026-07-28T06:00:47.167136Z,2026-07-28T06:00:47.167136Z
KR,KR,Kroger,Consumer Staples,Food Retail,CIK:0000056873,,,non_authoritative_reconciliation,https://en.wikipedia.org/wiki/List_of_S%26P_500_companies,2026-07-28T06:00:47.167136Z,2026-07-28T06:00:47.167136Z
KVUE,KVUE,Kenvue,Consumer Staples,Personal Care Products,CIK:0001944048,,,non_authoritative_reconciliation,https://en.wikipedia.org/wiki/List_of_S%26P_500_companies,2026-07-28T06:00:47.167136Z,2026-07-28T06:00:47.167136Z
L,L,Loews Corporation,Financials,Multi-line Insurance,CIK:0000060086,,,non_authoritative_reconciliation,https://en.wikipedia.org/wiki/List_of_S%26P_500_companies,2026-07-28T06:00:47.167136Z,2026-07-28T06:00:47.167136Z
LDOS,LDOS,Leidos,Industrials,Diversified Support Services,CIK:0001336920,,,non_authoritative_reconciliation,https://en.wikipedia.org/wiki/List_of_S%26P_500_companies,2026-07-28T06:00:47.167136Z,2026-07-28T06:00:47.167136Z
LEN,LEN,Lennar,Consumer Discretionary,Homebuilding,CIK:0000920760,,,non_authoritative_reconciliation,https://en.wikipedia.org/wiki/List_of_S%26P_500_companies,2026-07-28T06:00:47.167136Z,2026-07-28T06:00:47.167136Z
LH,LH,Labcorp,Health Care,Health Care Services,CIK:0000920148,,,non_authoritative_reconciliation,https://en.wikipedia.org/wiki/List_of_S%26P_500_companies,2026-07-28T06:00:47.167136Z,2026-07-28T06:00:47.167136Z
LHX,LHX,L3Harris,Industrials,Aerospace & Defense,CIK:0000202058,,,non_authoritative_reconciliation,https://en.wikipedia.org/wiki/List_of_S%26P_500_companies,2026-07-28T06:00:47.167136Z,2026-07-28T06:00:47.167136Z
LII,LII,Lennox International,Industrials,Building Products,CIK:0001069202,,,non_authoritative_reconciliation,https://en.wikipedia.org/wiki/List_of_S%26P_500_companies,2026-07-28T06:00:47.167136Z,2026-07-28T06:00:47.167136Z
LIN,LIN,Linde plc,Materials,Industrial Gases,CIK:0001707925,,,non_authoritative_reconciliation,https://en.wikipedia.org/wiki/List_of_S%26P_500_companies,2026-07-28T06:00:47.167136Z,2026-07-28T06:00:47.167136Z
LITE,LITE,Lumentum,Information Technology,Communications Equipment,CIK:0001633978,,,non_authoritative_reconciliation,https://en.wikipedia.org/wiki/List_of_S%26P_500_companies,2026-07-28T06:00:47.167136Z,2026-07-28T06:00:47.167136Z
LLY,LLY,Lilly (Eli),Health Care,Pharmaceuticals,CIK:0000059478,,,non_authoritative_reconciliation,https://en.wikipedia.org/wiki/List_of_S%26P_500_companies,2026-07-28T06:00:47.167136Z,2026-07-28T06:00:47.167136Z
LMT,LMT,Lockheed Martin,Industrials,Aerospace & Defense,CIK:0000936468,,,non_authoritative_reconciliation,https://en.wikipedia.org/wiki/List_of_S%26P_500_companies,2026-07-28T06:00:47.167136Z,2026-07-28T06:00:47.167136Z
LNT,LNT,Alliant Energy,Utilities,Electric Utilities,CIK:0000352541,,,non_authoritative_reconciliation,https://en.wikipedia.org/wiki/List_of_S%26P_500_companies,2026-07-28T06:00:47.167136Z,2026-07-28T06:00:47.167136Z
LOW,LOW,Lowe's,Consumer Discretionary,Home Improvement Retail,CIK:0000060667,,,non_authoritative_reconciliation,https://en.wikipedia.org/wiki/List_of_S%26P_500_companies,2026-07-28T06:00:47.167136Z,2026-07-28T06:00:47.167136Z
LRCX,LRCX,Lam Research,Information Technology,Semiconductor Materials & Equipment,CIK:0000707549,,,non_authoritative_reconciliation,https://en.wikipedia.org/wiki/List_of_S%26P_500_companies,2026-07-28T06:00:47.167136Z,2026-07-28T06:00:47.167136Z
LULU,LULU,Lululemon Athletica,Consumer Discretionary,"Apparel, Accessories & Luxury Goods",CIK:0001397187,,,non_authoritative_reconciliation,https://en.wikipedia.org/wiki/List_of_S%26P_500_companies,2026-07-28T06:00:47.167136Z,2026-07-28T06:00:47.167136Z
LUV,LUV,Southwest Airlines,Industrials,Passenger Airlines,CIK:0000092380,,,non_authoritative_reconciliation,https://en.wikipedia.org/wiki/List_of_S%26P_500_companies,2026-07-28T06:00:47.167136Z,2026-07-28T06:00:47.167136Z
LVS,LVS,Las Vegas Sands,Consumer Discretionary,Casinos & Gaming,CIK:0001300514,,,non_authoritative_reconciliation,https://en.wikipedia.org/wiki/List_of_S%26P_500_companies,2026-07-28T06:00:47.167136Z,2026-07-28T06:00:47.167136Z
LYB,LYB,LyondellBasell,Materials,Specialty Chemicals,CIK:0001489393,,,non_authoritative_reconciliation,https://en.wikipedia.org/wiki/List_of_S%26P_500_companies,2026-07-28T06:00:47.167136Z,2026-07-28T06:00:47.167136Z
LYV,LYV,Live Nation Entertainment,Communication Services,Movies & Entertainment,CIK:0001335258,,,non_authoritative_reconciliation,https://en.wikipedia.org/wiki/List_of_S%26P_500_companies,2026-07-28T06:00:47.167136Z,2026-07-28T06:00:47.167136Z
MA,MA,Mastercard,Financials,Transaction & Payment Processing Services,CIK:0001141391,,,non_authoritative_reconciliation,https://en.wikipedia.org/wiki/List_of_S%26P_500_companies,2026-07-28T06:00:47.167136Z,2026-07-28T06:00:47.167136Z
MAA,MAA,Mid-America Apartment Communities,Real Estate,Multi-Family Residential REITs,CIK:0000912595,,,non_authoritative_reconciliation,https://en.wikipedia.org/wiki/List_of_S%26P_500_companies,2026-07-28T06:00:47.167136Z,2026-07-28T06:00:47.167136Z
MAR,MAR,Marriott International,Consumer Discretionary,"Hotels, Resorts & Cruise Lines",CIK:0001048286,,,non_authoritative_reconciliation,https://en.wikipedia.org/wiki/List_of_S%26P_500_companies,2026-07-28T06:00:47.167136Z,2026-07-28T06:00:47.167136Z
MAS,MAS,Masco,Industrials,Building Products,CIK:0000062996,,,non_authoritative_reconciliation,https://en.wikipedia.org/wiki/List_of_S%26P_500_companies,2026-07-28T06:00:47.167136Z,2026-07-28T06:00:47.167136Z
MCD,MCD,McDonald's,Consumer Discretionary,Restaurants,CIK:0000063908,,,non_authoritative_reconciliation,https://en.wikipedia.org/wiki/List_of_S%26P_500_companies,2026-07-28T06:00:47.167136Z,2026-07-28T06:00:47.167136Z
MCHP,MCHP,Microchip Technology,Information Technology,Semiconductors,CIK:0000827054,,,non_authoritative_reconciliation,https://en.wikipedia.org/wiki/List_of_S%26P_500_companies,2026-07-28T06:00:47.167136Z,2026-07-28T06:00:47.167136Z
MCK,MCK,McKesson Corporation,Health Care,Health Care Distributors,CIK:0000927653,,,non_authoritative_reconciliation,https://en.wikipedia.org/wiki/List_of_S%26P_500_companies,2026-07-28T06:00:47.167136Z,2026-07-28T06:00:47.167136Z
MCO,MCO,Moody's Corporation,Financials,Financial Exchanges & Data,CIK:0001059556,,,non_authoritative_reconciliation,https://en.wikipedia.org/wiki/List_of_S%26P_500_companies,2026-07-28T06:00:47.167136Z,2026-07-28T06:00:47.167136Z
MDLZ,MDLZ,Mondelez International,Consumer Staples,Packaged Foods & Meats,CIK:0001103982,,,non_authoritative_reconciliation,https://en.wikipedia.org/wiki/List_of_S%26P_500_companies,2026-07-28T06:00:47.167136Z,2026-07-28T06:00:47.167136Z
MDT,MDT,Medtronic,Health Care,Health Care Equipment,CIK:0001613103,,,non_authoritative_reconciliation,https://en.wikipedia.org/wiki/List_of_S%26P_500_companies,2026-07-28T06:00:47.167136Z,2026-07-28T06:00:47.167136Z
MET,MET,MetLife,Financials,Life & Health Insurance,CIK:0001099219,,,non_authoritative_reconciliation,https://en.wikipedia.org/wiki/List_of_S%26P_500_companies,2026-07-28T06:00:47.167136Z,2026-07-28T06:00:47.167136Z
META,META,Meta Platforms,Communication Services,Interactive Media & Services,CIK:0001326801,,,non_authoritative_reconciliation,https://en.wikipedia.org/wiki/List_of_S%26P_500_companies,2026-07-28T06:00:47.167136Z,2026-07-28T06:00:47.167136Z
MGM,MGM,MGM Resorts,Consumer Discretionary,Casinos & Gaming,CIK:0000789570,,,non_authoritative_reconciliation,https://en.wikipedia.org/wiki/List_of_S%26P_500_companies,2026-07-28T06:00:47.167136Z,2026-07-28T06:00:47.167136Z
MKC,MKC,McCormick & Company,Consumer Staples,Packaged Foods & Meats,CIK:0000063754,,,non_authoritative_reconciliation,https://en.wikipedia.org/wiki/List_of_S%26P_500_companies,2026-07-28T06:00:47.167136Z,2026-07-28T06:00:47.167136Z
MLM,MLM,Martin Marietta Materials,Materials,Construction Materials,CIK:0000916076,,,non_authoritative_reconciliation,https://en.wikipedia.org/wiki/List_of_S%26P_500_companies,2026-07-28T06:00:47.167136Z,2026-07-28T06:00:47.167136Z
MMM,MMM,3M,Industrials,Industrial Conglomerates,CIK:0000066740,,,non_authoritative_reconciliation,https://en.wikipedia.org/wiki/List_of_S%26P_500_companies,2026-07-28T06:00:47.167136Z,2026-07-28T06:00:47.167136Z
MNST,MNST,Monster Beverage,Consumer Staples,Soft Drinks & Non-alcoholic Beverages,CIK:0000865752,,,non_authoritative_reconciliation,https://en.wikipedia.org/wiki/List_of_S%26P_500_companies,2026-07-28T06:00:47.167136Z,2026-07-28T06:00:47.167136Z
MO,MO,Altria,Consumer Staples,Tobacco,CIK:0000764180,,,non_authoritative_reconciliation,https://en.wikipedia.org/wiki/List_of_S%26P_500_companies,2026-07-28T06:00:47.167136Z,2026-07-28T06:00:47.167136Z
MOS,MOS,Mosaic Company (The),Materials,Fertilizers & Agricultural Chemicals,CIK:0001285785,,,non_authoritative_reconciliation,https://en.wikipedia.org/wiki/List_of_S%26P_500_companies,2026-07-28T06:00:47.167136Z,2026-07-28T06:00:47.167136Z
MPC,MPC,Marathon Petroleum,Energy,Oil & Gas Refining & Marketing,CIK:0001510295,,,non_authoritative_reconciliation,https://en.wikipedia.org/wiki/List_of_S%26P_500_companies,2026-07-28T06:00:47.167136Z,2026-07-28T06:00:47.167136Z
MPWR,MPWR,Monolithic Power Systems,Information Technology,Semiconductors,CIK:0001280452,,,non_authoritative_reconciliation,https://en.wikipedia.org/wiki/List_of_S%26P_500_companies,2026-07-28T06:00:47.167136Z,2026-07-28T06:00:47.167136Z
MRK,MRK,Merck & Co.,Health Care,Pharmaceuticals,CIK:0000310158,,,non_authoritative_reconciliation,https://en.wikipedia.org/wiki/List_of_S%26P_500_companies,2026-07-28T06:00:47.167136Z,2026-07-28T06:00:47.167136Z
MRNA,MRNA,Moderna,Health Care,Biotechnology,CIK:0001682852,,,non_authoritative_reconciliation,https://en.wikipedia.org/wiki/List_of_S%26P_500_companies,2026-07-28T06:00:47.167136Z,2026-07-28T06:00:47.167136Z
MRSH,MRSH,Marsh McLennan,Financials,Insurance Brokers,CIK:0000062709,,,non_authoritative_reconciliation,https://en.wikipedia.org/wiki/List_of_S%26P_500_companies,2026-07-28T06:00:47.167136Z,2026-07-28T06:00:47.167136Z
MRVL,MRVL,Marvell Technology,Information Technology,Semiconductors,CIK:0001835632,,,non_authoritative_reconciliation,https://en.wikipedia.org/wiki/List_of_S%26P_500_companies,2026-07-28T06:00:47.167136Z,2026-07-28T06:00:47.167136Z
MS,MS,Morgan Stanley,Financials,Investment Banking & Brokerage,CIK:0000895421,,,non_authoritative_reconciliation,https://en.wikipedia.org/wiki/List_of_S%26P_500_companies,2026-07-28T06:00:47.167136Z,2026-07-28T06:00:47.167136Z
MSCI,MSCI,MSCI Inc.,Financials,Financial Exchanges & Data,CIK:0001408198,,,non_authoritative_reconciliation,https://en.wikipedia.org/wiki/List_of_S%26P_500_companies,2026-07-28T06:00:47.167136Z,2026-07-28T06:00:47.167136Z
MSFT,MSFT,Microsoft,Information Technology,Systems Software,CIK:0000789019,,,non_authoritative_reconciliation,https://en.wikipedia.org/wiki/List_of_S%26P_500_companies,2026-07-28T06:00:47.167136Z,2026-07-28T06:00:47.167136Z
MSI,MSI,Motorola Solutions,Information Technology,Communications Equipment,CIK:0000068505,,,non_authoritative_reconciliation,https://en.wikipedia.org/wiki/List_of_S%26P_500_companies,2026-07-28T06:00:47.167136Z,2026-07-28T06:00:47.167136Z
MTB,MTB,M&T Bank,Financials,Regional Banks,CIK:0000036270,,,non_authoritative_reconciliation,https://en.wikipedia.org/wiki/List_of_S%26P_500_companies,2026-07-28T06:00:47.167136Z,2026-07-28T06:00:47.167136Z
MTD,MTD,Mettler Toledo,Health Care,Life Sciences Tools & Services,CIK:0001037646,,,non_authoritative_reconciliation,https://en.wikipedia.org/wiki/List_of_S%26P_500_companies,2026-07-28T06:00:47.167136Z,2026-07-28T06:00:47.167136Z
MU,MU,Micron Technology,Information Technology,Semiconductors,CIK:0000723125,,,non_authoritative_reconciliation,https://en.wikipedia.org/wiki/List_of_S%26P_500_companies,2026-07-28T06:00:47.167136Z,2026-07-28T06:00:47.167136Z
NCLH,NCLH,Norwegian Cruise Line Holdings,Consumer Discretionary,"Hotels, Resorts & Cruise Lines",CIK:0001513761,,,non_authoritative_reconciliation,https://en.wikipedia.org/wiki/List_of_S%26P_500_companies,2026-07-28T06:00:47.167136Z,2026-07-28T06:00:47.167136Z
NDAQ,NDAQ,"Nasdaq, Inc.",Financials,Financial Exchanges & Data,CIK:0001120193,,,non_authoritative_reconciliation,https://en.wikipedia.org/wiki/List_of_S%26P_500_companies,2026-07-28T06:00:47.167136Z,2026-07-28T06:00:47.167136Z
NDSN,NDSN,Nordson Corporation,Industrials,Industrial Machinery & Supplies & Components,CIK:0000072331,,,non_authoritative_reconciliation,https://en.wikipedia.org/wiki/List_of_S%26P_500_companies,2026-07-28T06:00:47.167136Z,2026-07-28T06:00:47.167136Z
NEE,NEE,NextEra Energy,Utilities,Multi-Utilities,CIK:0000753308,,,non_authoritative_reconciliation,https://en.wikipedia.org/wiki/List_of_S%26P_500_companies,2026-07-28T06:00:47.167136Z,2026-07-28T06:00:47.167136Z
NEM,NEM,Newmont,Materials,Gold,CIK:0001164727,,,non_authoritative_reconciliation,https://en.wikipedia.org/wiki/List_of_S%26P_500_companies,2026-07-28T06:00:47.167136Z,2026-07-28T06:00:47.167136Z
NFLX,NFLX,Netflix,Communication Services,Movies & Entertainment,CIK:0001065280,,,non_authoritative_reconciliation,https://en.wikipedia.org/wiki/List_of_S%26P_500_companies,2026-07-28T06:00:47.167136Z,2026-07-28T06:00:47.167136Z
NI,NI,NiSource,Utilities,Multi-Utilities,CIK:0001111711,,,non_authoritative_reconciliation,https://en.wikipedia.org/wiki/List_of_S%26P_500_companies,2026-07-28T06:00:47.167136Z,2026-07-28T06:00:47.167136Z
NKE,NKE,"Nike, Inc.",Consumer Discretionary,"Apparel, Accessories & Luxury Goods",CIK:0000320187,,,non_authoritative_reconciliation,https://en.wikipedia.org/wiki/List_of_S%26P_500_companies,2026-07-28T06:00:47.167136Z,2026-07-28T06:00:47.167136Z
NOC,NOC,Northrop Grumman,Industrials,Aerospace & Defense,CIK:0001133421,,,non_authoritative_reconciliation,https://en.wikipedia.org/wiki/List_of_S%26P_500_companies,2026-07-28T06:00:47.167136Z,2026-07-28T06:00:47.167136Z
NOW,NOW,ServiceNow,Information Technology,Systems Software,CIK:0001373715,,,non_authoritative_reconciliation,https://en.wikipedia.org/wiki/List_of_S%26P_500_companies,2026-07-28T06:00:47.167136Z,2026-07-28T06:00:47.167136Z
NRG,NRG,NRG Energy,Utilities,Independent Power Producers & Energy Traders,CIK:0001013871,,,non_authoritative_reconciliation,https://en.wikipedia.org/wiki/List_of_S%26P_500_companies,2026-07-28T06:00:47.167136Z,2026-07-28T06:00:47.167136Z
NSC,NSC,Norfolk Southern,Industrials,Rail Transportation,CIK:0000702165,,,non_authoritative_reconciliation,https://en.wikipedia.org/wiki/List_of_S%26P_500_companies,2026-07-28T06:00:47.167136Z,2026-07-28T06:00:47.167136Z
NTAP,NTAP,NetApp,Information Technology,"Technology Hardware, Storage & Peripherals",CIK:0001002047,,,non_authoritative_reconciliation,https://en.wikipedia.org/wiki/List_of_S%26P_500_companies,2026-07-28T06:00:47.167136Z,2026-07-28T06:00:47.167136Z
NTRS,NTRS,Northern Trust,Financials,Asset Management & Custody Banks,CIK:0000073124,,,non_authoritative_reconciliation,https://en.wikipedia.org/wiki/List_of_S%26P_500_companies,2026-07-28T06:00:47.167136Z,2026-07-28T06:00:47.167136Z
NUE,NUE,Nucor,Materials,Steel,CIK:0000073309,,,non_authoritative_reconciliation,https://en.wikipedia.org/wiki/List_of_S%26P_500_companies,2026-07-28T06:00:47.167136Z,2026-07-28T06:00:47.167136Z
NVDA,NVDA,Nvidia,Information Technology,Semiconductors,CIK:0001045810,,,non_authoritative_reconciliation,https://en.wikipedia.org/wiki/List_of_S%26P_500_companies,2026-07-28T06:00:47.167136Z,2026-07-28T06:00:47.167136Z
NVR,NVR,"NVR, Inc.",Consumer Discretionary,Homebuilding,CIK:0000906163,,,non_authoritative_reconciliation,https://en.wikipedia.org/wiki/List_of_S%26P_500_companies,2026-07-28T06:00:47.167136Z,2026-07-28T06:00:47.167136Z
NWS,NWS,News Corp (Class B),Communication Services,Publishing,CIK:0001564708,,,non_authoritative_reconciliation,https://en.wikipedia.org/wiki/List_of_S%26P_500_companies,2026-07-28T06:00:47.167136Z,2026-07-28T06:00:47.167136Z
NWSA,NWSA,News Corp (Class A),Communication Services,Publishing,CIK:0001564708,,,non_authoritative_reconciliation,https://en.wikipedia.org/wiki/List_of_S%26P_500_companies,2026-07-28T06:00:47.167136Z,2026-07-28T06:00:47.167136Z
NXPI,NXPI,NXP Semiconductors,Information Technology,Semiconductors,CIK:0001413447,,,non_authoritative_reconciliation,https://en.wikipedia.org/wiki/List_of_S%26P_500_companies,2026-07-28T06:00:47.167136Z,2026-07-28T06:00:47.167136Z
O,O,Realty Income,Real Estate,Retail REITs,CIK:0000726728,,,non_authoritative_reconciliation,https://en.wikipedia.org/wiki/List_of_S%26P_500_companies,2026-07-28T06:00:47.167136Z,2026-07-28T06:00:47.167136Z
ODFL,ODFL,Old Dominion,Industrials,Cargo Ground Transportation,CIK:0000878927,,,non_authoritative_reconciliation,https://en.wikipedia.org/wiki/List_of_S%26P_500_companies,2026-07-28T06:00:47.167136Z,2026-07-28T06:00:47.167136Z
OKE,OKE,Oneok,Energy,Oil & Gas Storage & Transportation,CIK:0001039684,,,non_authoritative_reconciliation,https://en.wikipedia.org/wiki/List_of_S%26P_500_companies,2026-07-28T06:00:47.167136Z,2026-07-28T06:00:47.167136Z
OMC,OMC,Omnicom Group,Communication Services,Advertising,CIK:0000029989,,,non_authoritative_reconciliation,https://en.wikipedia.org/wiki/List_of_S%26P_500_companies,2026-07-28T06:00:47.167136Z,2026-07-28T06:00:47.167136Z
ON,ON,ON Semiconductor,Information Technology,Semiconductors,CIK:0001097864,,,non_authoritative_reconciliation,https://en.wikipedia.org/wiki/List_of_S%26P_500_companies,2026-07-28T06:00:47.167136Z,2026-07-28T06:00:47.167136Z
ORCL,ORCL,Oracle Corporation,Information Technology,Application Software,CIK:0001341439,,,non_authoritative_reconciliation,https://en.wikipedia.org/wiki/List_of_S%26P_500_companies,2026-07-28T06:00:47.167136Z,2026-07-28T06:00:47.167136Z
ORLY,ORLY,O’Reilly Automotive,Consumer Discretionary,Automotive Retail,CIK:0000898173,,,non_authoritative_reconciliation,https://en.wikipedia.org/wiki/List_of_S%26P_500_companies,2026-07-28T06:00:47.167136Z,2026-07-28T06:00:47.167136Z
OTIS,OTIS,Otis Worldwide,Industrials,Industrial Machinery & Supplies & Components,CIK:0001781335,,,non_authoritative_reconciliation,https://en.wikipedia.org/wiki/List_of_S%26P_500_companies,2026-07-28T06:00:47.167136Z,2026-07-28T06:00:47.167136Z
OXY,OXY,Occidental Petroleum,Energy,Oil & Gas Exploration & Production,CIK:0000797468,,,non_authoritative_reconciliation,https://en.wikipedia.org/wiki/List_of_S%26P_500_companies,2026-07-28T06:00:47.167136Z,2026-07-28T06:00:47.167136Z
PANW,PANW,Palo Alto Networks,Information Technology,Systems Software,CIK:0001327567,,,non_authoritative_reconciliation,https://en.wikipedia.org/wiki/List_of_S%26P_500_companies,2026-07-28T06:00:47.167136Z,2026-07-28T06:00:47.167136Z
PAYX,PAYX,Paychex,Industrials,Human Resource & Employment Services,CIK:0000723531,,,non_authoritative_reconciliation,https://en.wikipedia.org/wiki/List_of_S%26P_500_companies,2026-07-28T06:00:47.167136Z,2026-07-28T06:00:47.167136Z
PCAR,PCAR,Paccar,Industrials,Construction Machinery & Heavy Transportation Equipment,CIK:0000075362,,,non_authoritative_reconciliation,https://en.wikipedia.org/wiki/List_of_S%26P_500_companies,2026-07-28T06:00:47.167136Z,2026-07-28T06:00:47.167136Z
PCG,PCG,PG&E Corporation,Utilities,Multi-Utilities,CIK:0001004980,,,non_authoritative_reconciliation,https://en.wikipedia.org/wiki/List_of_S%26P_500_companies,2026-07-28T06:00:47.167136Z,2026-07-28T06:00:47.167136Z
PEG,PEG,Public Service Enterprise Group,Utilities,Electric Utilities,CIK:0000788784,,,non_authoritative_reconciliation,https://en.wikipedia.org/wiki/List_of_S%26P_500_companies,2026-07-28T06:00:47.167136Z,2026-07-28T06:00:47.167136Z
PEP,PEP,PepsiCo,Consumer Staples,Soft Drinks & Non-alcoholic Beverages,CIK:0000077476,,,non_authoritative_reconciliation,https://en.wikipedia.org/wiki/List_of_S%26P_500_companies,2026-07-28T06:00:47.167136Z,2026-07-28T06:00:47.167136Z
PFE,PFE,Pfizer,Health Care,Pharmaceuticals,CIK:0000078003,,,non_authoritative_reconciliation,https://en.wikipedia.org/wiki/List_of_S%26P_500_companies,2026-07-28T06:00:47.167136Z,2026-07-28T06:00:47.167136Z
PFG,PFG,Principal Financial Group,Financials,Life & Health Insurance,CIK:0001126328,,,non_authoritative_reconciliation,https://en.wikipedia.org/wiki/List_of_S%26P_500_companies,2026-07-28T06:00:47.167136Z,2026-07-28T06:00:47.167136Z
PG,PG,Procter & Gamble,Consumer Staples,Personal Care Products,CIK:0000080424,,,non_authoritative_reconciliation,https://en.wikipedia.org/wiki/List_of_S%26P_500_companies,2026-07-28T06:00:47.167136Z,2026-07-28T06:00:47.167136Z
PGR,PGR,Progressive Corporation,Financials,Property & Casualty Insurance,CIK:0000080661,,,non_authoritative_reconciliation,https://en.wikipedia.org/wiki/List_of_S%26P_500_companies,2026-07-28T06:00:47.167136Z,2026-07-28T06:00:47.167136Z
PH,PH,Parker Hannifin,Industrials,Industrial Machinery & Supplies & Components,CIK:0000076334,,,non_authoritative_reconciliation,https://en.wikipedia.org/wiki/List_of_S%26P_500_companies,2026-07-28T06:00:47.167136Z,2026-07-28T06:00:47.167136Z
PHM,PHM,PulteGroup,Consumer Discretionary,Homebuilding,CIK:0000822416,,,non_authoritative_reconciliation,https://en.wikipedia.org/wiki/List_of_S%26P_500_companies,2026-07-28T06:00:47.167136Z,2026-07-28T06:00:47.167136Z
PKG,PKG,Packaging Corporation of America,Materials,Paper & Plastic Packaging Products & Materials,CIK:0000075677,,,non_authoritative_reconciliation,https://en.wikipedia.org/wiki/List_of_S%26P_500_companies,2026-07-28T06:00:47.167136Z,2026-07-28T06:00:47.167136Z
PLD,PLD,Prologis,Real Estate,Industrial REITs,CIK:0001045609,,,non_authoritative_reconciliation,https://en.wikipedia.org/wiki/List_of_S%26P_500_companies,2026-07-28T06:00:47.167136Z,2026-07-28T06:00:47.167136Z
PLTR,PLTR,Palantir Technologies,Information Technology,Application Software,CIK:0001321655,,,non_authoritative_reconciliation,https://en.wikipedia.org/wiki/List_of_S%26P_500_companies,2026-07-28T06:00:47.167136Z,2026-07-28T06:00:47.167136Z
PM,PM,Philip Morris International,Consumer Staples,Tobacco,CIK:0001413329,,,non_authoritative_reconciliation,https://en.wikipedia.org/wiki/List_of_S%26P_500_companies,2026-07-28T06:00:47.167136Z,2026-07-28T06:00:47.167136Z
PNC,PNC,PNC Financial Services,Financials,Diversified Banks,CIK:0000713676,,,non_authoritative_reconciliation,https://en.wikipedia.org/wiki/List_of_S%26P_500_companies,2026-07-28T06:00:47.167136Z,2026-07-28T06:00:47.167136Z
PNR,PNR,Pentair,Industrials,Industrial Machinery & Supplies & Components,CIK:0000077360,,,non_authoritative_reconciliation,https://en.wikipedia.org/wiki/List_of_S%26P_500_companies,2026-07-28T06:00:47.167136Z,2026-07-28T06:00:47.167136Z
PNW,PNW,Pinnacle West Capital,Utilities,Multi-Utilities,CIK:0000764622,,,non_authoritative_reconciliation,https://en.wikipedia.org/wiki/List_of_S%26P_500_companies,2026-07-28T06:00:47.167136Z,2026-07-28T06:00:47.167136Z
PODD,PODD,Insulet Corporation,Health Care,Health Care Equipment,CIK:0001145197,,,non_authoritative_reconciliation,https://en.wikipedia.org/wiki/List_of_S%26P_500_companies,2026-07-28T06:00:47.167136Z,2026-07-28T06:00:47.167136Z
PPG,PPG,PPG Industries,Materials,Specialty Chemicals,CIK:0000079879,,,non_authoritative_reconciliation,https://en.wikipedia.org/wiki/List_of_S%26P_500_companies,2026-07-28T06:00:47.167136Z,2026-07-28T06:00:47.167136Z
PPL,PPL,PPL Corporation,Utilities,Electric Utilities,CIK:0000922224,,,non_authoritative_reconciliation,https://en.wikipedia.org/wiki/List_of_S%26P_500_companies,2026-07-28T06:00:47.167136Z,2026-07-28T06:00:47.167136Z
PRU,PRU,Prudential Financial,Financials,Life & Health Insurance,CIK:0001137774,,,non_authoritative_reconciliation,https://en.wikipedia.org/wiki/List_of_S%26P_500_companies,2026-07-28T06:00:47.167136Z,2026-07-28T06:00:47.167136Z
PSA,PSA,Public Storage,Real Estate,Self-Storage REITs,CIK:0001393311,,,non_authoritative_reconciliation,https://en.wikipedia.org/wiki/List_of_S%26P_500_companies,2026-07-28T06:00:47.167136Z,2026-07-28T06:00:47.167136Z
PSKY,PSKY,Paramount Skydance Corporation,Communication Services,Movies & Entertainment,CIK:0002041610,,,non_authoritative_reconciliation,https://en.wikipedia.org/wiki/List_of_S%26P_500_companies,2026-07-28T06:00:47.167136Z,2026-07-28T06:00:47.167136Z
PSX,PSX,Phillips 66,Energy,Oil & Gas Refining & Marketing,CIK:0001534701,,,non_authoritative_reconciliation,https://en.wikipedia.org/wiki/List_of_S%26P_500_companies,2026-07-28T06:00:47.167136Z,2026-07-28T06:00:47.167136Z
PTC,PTC,PTC Inc.,Information Technology,Application Software,CIK:0000857005,,,non_authoritative_reconciliation,https://en.wikipedia.org/wiki/List_of_S%26P_500_companies,2026-07-28T06:00:47.167136Z,2026-07-28T06:00:47.167136Z
PWR,PWR,Quanta Services,Industrials,Construction & Engineering,CIK:0001050915,,,non_authoritative_reconciliation,https://en.wikipedia.org/wiki/List_of_S%26P_500_companies,2026-07-28T06:00:47.167136Z,2026-07-28T06:00:47.167136Z
PYPL,PYPL,PayPal,Financials,Transaction & Payment Processing Services,CIK:0001633917,,,non_authoritative_reconciliation,https://en.wikipedia.org/wiki/List_of_S%26P_500_companies,2026-07-28T06:00:47.167136Z,2026-07-28T06:00:47.167136Z
Q,Q,Qnity Electronics,Information Technology,Semiconductor Materials & Equipment,CIK:0002058873,,,non_authoritative_reconciliation,https://en.wikipedia.org/wiki/List_of_S%26P_500_companies,2026-07-28T06:00:47.167136Z,2026-07-28T06:00:47.167136Z
QCOM,QCOM,Qualcomm,Information Technology,Semiconductors,CIK:0000804328,,,non_authoritative_reconciliation,https://en.wikipedia.org/wiki/List_of_S%26P_500_companies,2026-07-28T06:00:47.167136Z,2026-07-28T06:00:47.167136Z
RCL,RCL,Royal Caribbean Group,Consumer Discretionary,"Hotels, Resorts & Cruise Lines",CIK:0000884887,,,non_authoritative_reconciliation,https://en.wikipedia.org/wiki/List_of_S%26P_500_companies,2026-07-28T06:00:47.167136Z,2026-07-28T06:00:47.167136Z
REG,REG,Regency Centers,Real Estate,Retail REITs,CIK:0000910606,,,non_authoritative_reconciliation,https://en.wikipedia.org/wiki/List_of_S%26P_500_companies,2026-07-28T06:00:47.167136Z,2026-07-28T06:00:47.167136Z
REGN,REGN,Regeneron Pharmaceuticals,Health Care,Biotechnology,CIK:0000872589,,,non_authoritative_reconciliation,https://en.wikipedia.org/wiki/List_of_S%26P_500_companies,2026-07-28T06:00:47.167136Z,2026-07-28T06:00:47.167136Z
RF,RF,Regions Financial Corporation,Financials,Regional Banks,CIK:0001281761,,,non_authoritative_reconciliation,https://en.wikipedia.org/wiki/List_of_S%26P_500_companies,2026-07-28T06:00:47.167136Z,2026-07-28T06:00:47.167136Z
RJF,RJF,Raymond James Financial,Financials,Investment Banking & Brokerage,CIK:0000720005,,,non_authoritative_reconciliation,https://en.wikipedia.org/wiki/List_of_S%26P_500_companies,2026-07-28T06:00:47.167136Z,2026-07-28T06:00:47.167136Z
RL,RL,Ralph Lauren Corporation,Consumer Discretionary,"Apparel, Accessories & Luxury Goods",CIK:0001037038,,,non_authoritative_reconciliation,https://en.wikipedia.org/wiki/List_of_S%26P_500_companies,2026-07-28T06:00:47.167136Z,2026-07-28T06:00:47.167136Z
RMD,RMD,ResMed,Health Care,Health Care Equipment,CIK:0000943819,,,non_authoritative_reconciliation,https://en.wikipedia.org/wiki/List_of_S%26P_500_companies,2026-07-28T06:00:47.167136Z,2026-07-28T06:00:47.167136Z
ROK,ROK,Rockwell Automation,Industrials,Electrical Components & Equipment,CIK:0001024478,,,non_authoritative_reconciliation,https://en.wikipedia.org/wiki/List_of_S%26P_500_companies,2026-07-28T06:00:47.167136Z,2026-07-28T06:00:47.167136Z
ROL,ROL,"Rollins, Inc.",Industrials,Environmental & Facilities Services,CIK:0000084839,,,non_authoritative_reconciliation,https://en.wikipedia.org/wiki/List_of_S%26P_500_companies,2026-07-28T06:00:47.167136Z,2026-07-28T06:00:47.167136Z
ROP,ROP,Roper Technologies,Information Technology,Electronic Equipment & Instruments,CIK:0000882835,,,non_authoritative_reconciliation,https://en.wikipedia.org/wiki/List_of_S%26P_500_companies,2026-07-28T06:00:47.167136Z,2026-07-28T06:00:47.167136Z
ROST,ROST,Ross Stores,Consumer Discretionary,Apparel Retail,CIK:0000745732,,,non_authoritative_reconciliation,https://en.wikipedia.org/wiki/List_of_S%26P_500_companies,2026-07-28T06:00:47.167136Z,2026-07-28T06:00:47.167136Z
RSG,RSG,Republic Services,Industrials,Environmental & Facilities Services,CIK:0001060391,,,non_authoritative_reconciliation,https://en.wikipedia.org/wiki/List_of_S%26P_500_companies,2026-07-28T06:00:47.167136Z,2026-07-28T06:00:47.167136Z
RTX,RTX,RTX Corporation,Industrials,Aerospace & Defense,CIK:0000101829,,,non_authoritative_reconciliation,https://en.wikipedia.org/wiki/List_of_S%26P_500_companies,2026-07-28T06:00:47.167136Z,2026-07-28T06:00:47.167136Z
RVTY,RVTY,Revvity,Health Care,Health Care Equipment,CIK:0000031791,,,non_authoritative_reconciliation,https://en.wikipedia.org/wiki/List_of_S%26P_500_companies,2026-07-28T06:00:47.167136Z,2026-07-28T06:00:47.167136Z
SBAC,SBAC,SBA Communications,Real Estate,Telecom Tower REITs,CIK:0001034054,,,non_authoritative_reconciliation,https://en.wikipedia.org/wiki/List_of_S%26P_500_companies,2026-07-28T06:00:47.167136Z,2026-07-28T06:00:47.167136Z
SBUX,SBUX,Starbucks,Consumer Discretionary,Restaurants,CIK:0000829224,,,non_authoritative_reconciliation,https://en.wikipedia.org/wiki/List_of_S%26P_500_companies,2026-07-28T06:00:47.167136Z,2026-07-28T06:00:47.167136Z
SCHW,SCHW,Charles Schwab Corporation,Financials,Investment Banking & Brokerage,CIK:0000316709,,,non_authoritative_reconciliation,https://en.wikipedia.org/wiki/List_of_S%26P_500_companies,2026-07-28T06:00:47.167136Z,2026-07-28T06:00:47.167136Z
SHW,SHW,Sherwin-Williams,Materials,Specialty Chemicals,CIK:0000089800,,,non_authoritative_reconciliation,https://en.wikipedia.org/wiki/List_of_S%26P_500_companies,2026-07-28T06:00:47.167136Z,2026-07-28T06:00:47.167136Z
SJM,SJM,J.M. Smucker Company (The),Consumer Staples,Packaged Foods & Meats,CIK:0000091419,,,non_authoritative_reconciliation,https://en.wikipedia.org/wiki/List_of_S%26P_500_companies,2026-07-28T06:00:47.167136Z,2026-07-28T06:00:47.167136Z
SLB,SLB,Schlumberger,Energy,Oil & Gas Equipment & Services,CIK:0000087347,,,non_authoritative_reconciliation,https://en.wikipedia.org/wiki/List_of_S%26P_500_companies,2026-07-28T06:00:47.167136Z,2026-07-28T06:00:47.167136Z
SMCI,SMCI,Supermicro,Information Technology,"Technology Hardware, Storage & Peripherals",CIK:0001375365,,,non_authoritative_reconciliation,https://en.wikipedia.org/wiki/List_of_S%26P_500_companies,2026-07-28T06:00:47.167136Z,2026-07-28T06:00:47.167136Z
SNA,SNA,Snap-on,Industrials,Industrial Machinery & Supplies & Components,CIK:0000091440,,,non_authoritative_reconciliation,https://en.wikipedia.org/wiki/List_of_S%26P_500_companies,2026-07-28T06:00:47.167136Z,2026-07-28T06:00:47.167136Z
SNDK,SNDK,Sandisk,Information Technology,"Technology Hardware, Storage & Peripherals",CIK:0002023554,,,non_authoritative_reconciliation,https://en.wikipedia.org/wiki/List_of_S%26P_500_companies,2026-07-28T06:00:47.167136Z,2026-07-28T06:00:47.167136Z
SNPS,SNPS,Synopsys,Information Technology,Application Software,CIK:0000883241,,,non_authoritative_reconciliation,https://en.wikipedia.org/wiki/List_of_S%26P_500_companies,2026-07-28T06:00:47.167136Z,2026-07-28T06:00:47.167136Z
SO,SO,Southern Company,Utilities,Electric Utilities,CIK:0000092122,,,non_authoritative_reconciliation,https://en.wikipedia.org/wiki/List_of_S%26P_500_companies,2026-07-28T06:00:47.167136Z,2026-07-28T06:00:47.167136Z
SOLV,SOLV,Solventum,Health Care,Health Care Technology,CIK:0001964738,,,non_authoritative_reconciliation,https://en.wikipedia.org/wiki/List_of_S%26P_500_companies,2026-07-28T06:00:47.167136Z,2026-07-28T06:00:47.167136Z
SPG,SPG,Simon Property Group,Real Estate,Retail REITs,CIK:0001063761,,,non_authoritative_reconciliation,https://en.wikipedia.org/wiki/List_of_S%26P_500_companies,2026-07-28T06:00:47.167136Z,2026-07-28T06:00:47.167136Z
SPGI,SPGI,S&P Global,Financials,Financial Exchanges & Data,CIK:0000064040,,,non_authoritative_reconciliation,https://en.wikipedia.org/wiki/List_of_S%26P_500_companies,2026-07-28T06:00:47.167136Z,2026-07-28T06:00:47.167136Z
SRE,SRE,Sempra,Utilities,Multi-Utilities,CIK:0001032208,,,non_authoritative_reconciliation,https://en.wikipedia.org/wiki/List_of_S%26P_500_companies,2026-07-28T06:00:47.167136Z,2026-07-28T06:00:47.167136Z
STE,STE,Steris,Health Care,Health Care Equipment,CIK:0001757898,,,non_authoritative_reconciliation,https://en.wikipedia.org/wiki/List_of_S%26P_500_companies,2026-07-28T06:00:47.167136Z,2026-07-28T06:00:47.167136Z
STLD,STLD,Steel Dynamics,Materials,Steel,CIK:0001022671,,,non_authoritative_reconciliation,https://en.wikipedia.org/wiki/List_of_S%26P_500_companies,2026-07-28T06:00:47.167136Z,2026-07-28T06:00:47.167136Z
STT,STT,State Street Corporation,Financials,Asset Management & Custody Banks,CIK:0000093751,,,non_authoritative_reconciliation,https://en.wikipedia.org/wiki/List_of_S%26P_500_companies,2026-07-28T06:00:47.167136Z,2026-07-28T06:00:47.167136Z
STX,STX,Seagate Technology,Information Technology,"Technology Hardware, Storage & Peripherals",CIK:0001137789,,,non_authoritative_reconciliation,https://en.wikipedia.org/wiki/List_of_S%26P_500_companies,2026-07-28T06:00:47.167136Z,2026-07-28T06:00:47.167136Z
STZ,STZ,Constellation Brands,Consumer Staples,Distillers & Vintners,CIK:0000016918,,,non_authoritative_reconciliation,https://en.wikipedia.org/wiki/List_of_S%26P_500_companies,2026-07-28T06:00:47.167136Z,2026-07-28T06:00:47.167136Z
SW,SW,Smurfit Westrock,Materials,Paper & Plastic Packaging Products & Materials,CIK:0002005951,,,non_authoritative_reconciliation,https://en.wikipedia.org/wiki/List_of_S%26P_500_companies,2026-07-28T06:00:47.167136Z,2026-07-28T06:00:47.167136Z
SWK,SWK,Stanley Black & Decker,Industrials,Industrial Machinery & Supplies & Components,CIK:0000093556,,,non_authoritative_reconciliation,https://en.wikipedia.org/wiki/List_of_S%26P_500_companies,2026-07-28T06:00:47.167136Z,2026-07-28T06:00:47.167136Z
SWKS,SWKS,Skyworks Solutions,Information Technology,Semiconductors,CIK:0000004127,,,non_authoritative_reconciliation,https://en.wikipedia.org/wiki/List_of_S%26P_500_companies,2026-07-28T06:00:47.167136Z,2026-07-28T06:00:47.167136Z
SYF,SYF,Synchrony Financial,Financials,Consumer Finance,CIK:0001601712,,,non_authoritative_reconciliation,https://en.wikipedia.org/wiki/List_of_S%26P_500_companies,2026-07-28T06:00:47.167136Z,2026-07-28T06:00:47.167136Z
SYK,SYK,Stryker Corporation,Health Care,Health Care Equipment,CIK:0000310764,,,non_authoritative_reconciliation,https://en.wikipedia.org/wiki/List_of_S%26P_500_companies,2026-07-28T06:00:47.167136Z,2026-07-28T06:00:47.167136Z
SYY,SYY,Sysco,Consumer Staples,Food Distributors,CIK:0000096021,,,non_authoritative_reconciliation,https://en.wikipedia.org/wiki/List_of_S%26P_500_companies,2026-07-28T06:00:47.167136Z,2026-07-28T06:00:47.167136Z
T,T,AT&T,Communication Services,Integrated Telecommunication Services,CIK:0000732717,,,non_authoritative_reconciliation,https://en.wikipedia.org/wiki/List_of_S%26P_500_companies,2026-07-28T06:00:47.167136Z,2026-07-28T06:00:47.167136Z
TAP,TAP,Molson Coors Beverage Company,Consumer Staples,Brewers,CIK:0000024545,,,non_authoritative_reconciliation,https://en.wikipedia.org/wiki/List_of_S%26P_500_companies,2026-07-28T06:00:47.167136Z,2026-07-28T06:00:47.167136Z
TDG,TDG,TransDigm Group,Industrials,Aerospace & Defense,CIK:0001260221,,,non_authoritative_reconciliation,https://en.wikipedia.org/wiki/List_of_S%26P_500_companies,2026-07-28T06:00:47.167136Z,2026-07-28T06:00:47.167136Z
TDY,TDY,Teledyne Technologies,Information Technology,Electronic Equipment & Instruments,CIK:0001094285,,,non_authoritative_reconciliation,https://en.wikipedia.org/wiki/List_of_S%26P_500_companies,2026-07-28T06:00:47.167136Z,2026-07-28T06:00:47.167136Z
TECH,TECH,Bio-Techne,Health Care,Life Sciences Tools & Services,CIK:0000842023,,,non_authoritative_reconciliation,https://en.wikipedia.org/wiki/List_of_S%26P_500_companies,2026-07-28T06:00:47.167136Z,2026-07-28T06:00:47.167136Z
TEL,TEL,TE Connectivity,Information Technology,Electronic Manufacturing Services,CIK:0001385157,,,non_authoritative_reconciliation,https://en.wikipedia.org/wiki/List_of_S%26P_500_companies,2026-07-28T06:00:47.167136Z,2026-07-28T06:00:47.167136Z
TER,TER,Teradyne,Information Technology,Semiconductor Materials & Equipment,CIK:0000097210,,,non_authoritative_reconciliation,https://en.wikipedia.org/wiki/List_of_S%26P_500_companies,2026-07-28T06:00:47.167136Z,2026-07-28T06:00:47.167136Z
TFC,TFC,Truist Financial,Financials,Diversified Banks,CIK:0000092230,,,non_authoritative_reconciliation,https://en.wikipedia.org/wiki/List_of_S%26P_500_companies,2026-07-28T06:00:47.167136Z,2026-07-28T06:00:47.167136Z
TGT,TGT,Target Corporation,Consumer Staples,Consumer Staples Merchandise Retail,CIK:0000027419,,,non_authoritative_reconciliation,https://en.wikipedia.org/wiki/List_of_S%26P_500_companies,2026-07-28T06:00:47.167136Z,2026-07-28T06:00:47.167136Z
TJX,TJX,TJX Companies,Consumer Discretionary,Apparel Retail,CIK:0000109198,,,non_authoritative_reconciliation,https://en.wikipedia.org/wiki/List_of_S%26P_500_companies,2026-07-28T06:00:47.167136Z,2026-07-28T06:00:47.167136Z
TKO,TKO,TKO Group Holdings,Communication Services,Movies & Entertainment,CIK:0001973266,,,non_authoritative_reconciliation,https://en.wikipedia.org/wiki/List_of_S%26P_500_companies,2026-07-28T06:00:47.167136Z,2026-07-28T06:00:47.167136Z
TMO,TMO,Thermo Fisher Scientific,Health Care,Life Sciences Tools & Services,CIK:0000097745,,,non_authoritative_reconciliation,https://en.wikipedia.org/wiki/List_of_S%26P_500_companies,2026-07-28T06:00:47.167136Z,2026-07-28T06:00:47.167136Z
TMUS,TMUS,T-Mobile US,Communication Services,Wireless Telecommunication Services,CIK:0001283699,,,non_authoritative_reconciliation,https://en.wikipedia.org/wiki/List_of_S%26P_500_companies,2026-07-28T06:00:47.167136Z,2026-07-28T06:00:47.167136Z
TPL,TPL,Texas Pacific Land Corporation,Energy,Oil & Gas Exploration & Production,CIK:0001811074,,,non_authoritative_reconciliation,https://en.wikipedia.org/wiki/List_of_S%26P_500_companies,2026-07-28T06:00:47.167136Z,2026-07-28T06:00:47.167136Z
TPR,TPR,"Tapestry, Inc.",Consumer Discretionary,"Apparel, Accessories & Luxury Goods",CIK:0001116132,,,non_authoritative_reconciliation,https://en.wikipedia.org/wiki/List_of_S%26P_500_companies,2026-07-28T06:00:47.167136Z,2026-07-28T06:00:47.167136Z
TRGP,TRGP,Targa Resources,Energy,Oil & Gas Storage & Transportation,CIK:0001389170,,,non_authoritative_reconciliation,https://en.wikipedia.org/wiki/List_of_S%26P_500_companies,2026-07-28T06:00:47.167136Z,2026-07-28T06:00:47.167136Z
TRMB,TRMB,Trimble Inc.,Information Technology,Application Software,CIK:0000864749,,,non_authoritative_reconciliation,https://en.wikipedia.org/wiki/List_of_S%26P_500_companies,2026-07-28T06:00:47.167136Z,2026-07-28T06:00:47.167136Z
TROW,TROW,T. Rowe Price,Financials,Asset Management & Custody Banks,CIK:0001113169,,,non_authoritative_reconciliation,https://en.wikipedia.org/wiki/List_of_S%26P_500_companies,2026-07-28T06:00:47.167136Z,2026-07-28T06:00:47.167136Z
TRV,TRV,Travelers Companies (The),Financials,Property & Casualty Insurance,CIK:0000086312,,,non_authoritative_reconciliation,https://en.wikipedia.org/wiki/List_of_S%26P_500_companies,2026-07-28T06:00:47.167136Z,2026-07-28T06:00:47.167136Z
TSCO,TSCO,Tractor Supply,Consumer Discretionary,Other Specialty Retail,CIK:0000916365,,,non_authoritative_reconciliation,https://en.wikipedia.org/wiki/List_of_S%26P_500_companies,2026-07-28T06:00:47.167136Z,2026-07-28T06:00:47.167136Z
TSLA,TSLA,"Tesla, Inc.",Consumer Discretionary,Automobile Manufacturers,CIK:0001318605,,,non_authoritative_reconciliation,https://en.wikipedia.org/wiki/List_of_S%26P_500_companies,2026-07-28T06:00:47.167136Z,2026-07-28T06:00:47.167136Z
TSN,TSN,Tyson Foods,Consumer Staples,Packaged Foods & Meats,CIK:0000100493,,,non_authoritative_reconciliation,https://en.wikipedia.org/wiki/List_of_S%26P_500_companies,2026-07-28T06:00:47.167136Z,2026-07-28T06:00:47.167136Z
TT,TT,Trane Technologies,Industrials,Building Products,CIK:0001466258,,,non_authoritative_reconciliation,https://en.wikipedia.org/wiki/List_of_S%26P_500_companies,2026-07-28T06:00:47.167136Z,2026-07-28T06:00:47.167136Z
TTD,TTD,Trade Desk (The),Communication Services,Advertising,CIK:0001671933,,,non_authoritative_reconciliation,https://en.wikipedia.org/wiki/List_of_S%26P_500_companies,2026-07-28T06:00:47.167136Z,2026-07-28T06:00:47.167136Z
TTWO,TTWO,Take-Two Interactive,Communication Services,Interactive Home Entertainment,CIK:0000946581,,,non_authoritative_reconciliation,https://en.wikipedia.org/wiki/List_of_S%26P_500_companies,2026-07-28T06:00:47.167136Z,2026-07-28T06:00:47.167136Z
TXN,TXN,Texas Instruments,Information Technology,Semiconductors,CIK:0000097476,,,non_authoritative_reconciliation,https://en.wikipedia.org/wiki/List_of_S%26P_500_companies,2026-07-28T06:00:47.167136Z,2026-07-28T06:00:47.167136Z
TXT,TXT,Textron,Industrials,Aerospace & Defense,CIK:0000217346,,,non_authoritative_reconciliation,https://en.wikipedia.org/wiki/List_of_S%26P_500_companies,2026-07-28T06:00:47.167136Z,2026-07-28T06:00:47.167136Z
TYL,TYL,Tyler Technologies,Information Technology,Application Software,CIK:0000860731,,,non_authoritative_reconciliation,https://en.wikipedia.org/wiki/List_of_S%26P_500_companies,2026-07-28T06:00:47.167136Z,2026-07-28T06:00:47.167136Z
UAL,UAL,United Airlines Holdings,Industrials,Passenger Airlines,CIK:0000100517,,,non_authoritative_reconciliation,https://en.wikipedia.org/wiki/List_of_S%26P_500_companies,2026-07-28T06:00:47.167136Z,2026-07-28T06:00:47.167136Z
UBER,UBER,Uber,Industrials,Passenger Ground Transportation,CIK:0001543151,,,non_authoritative_reconciliation,https://en.wikipedia.org/wiki/List_of_S%26P_500_companies,2026-07-28T06:00:47.167136Z,2026-07-28T06:00:47.167136Z
UDR,UDR,"UDR, Inc.",Real Estate,Multi-Family Residential REITs,CIK:0000074208,,,non_authoritative_reconciliation,https://en.wikipedia.org/wiki/List_of_S%26P_500_companies,2026-07-28T06:00:47.167136Z,2026-07-28T06:00:47.167136Z
UHS,UHS,Universal Health Services,Health Care,Health Care Facilities,CIK:0000352915,,,non_authoritative_reconciliation,https://en.wikipedia.org/wiki/List_of_S%26P_500_companies,2026-07-28T06:00:47.167136Z,2026-07-28T06:00:47.167136Z
ULTA,ULTA,Ulta Beauty,Consumer Discretionary,Other Specialty Retail,CIK:0001403568,,,non_authoritative_reconciliation,https://en.wikipedia.org/wiki/List_of_S%26P_500_companies,2026-07-28T06:00:47.167136Z,2026-07-28T06:00:47.167136Z
UNH,UNH,UnitedHealth Group,Health Care,Managed Health Care,CIK:0000731766,,,non_authoritative_reconciliation,https://en.wikipedia.org/wiki/List_of_S%26P_500_companies,2026-07-28T06:00:47.167136Z,2026-07-28T06:00:47.167136Z
UNP,UNP,Union Pacific Corporation,Industrials,Rail Transportation,CIK:0000100885,,,non_authoritative_reconciliation,https://en.wikipedia.org/wiki/List_of_S%26P_500_companies,2026-07-28T06:00:47.167136Z,2026-07-28T06:00:47.167136Z
UPS,UPS,United Parcel Service,Industrials,Air Freight & Logistics,CIK:0001090727,,,non_authoritative_reconciliation,https://en.wikipedia.org/wiki/List_of_S%26P_500_companies,2026-07-28T06:00:47.167136Z,2026-07-28T06:00:47.167136Z
URI,URI,United Rentals,Industrials,Trading Companies & Distributors,CIK:0001067701,,,non_authoritative_reconciliation,https://en.wikipedia.org/wiki/List_of_S%26P_500_companies,2026-07-28T06:00:47.167136Z,2026-07-28T06:00:47.167136Z
USB,USB,U.S. Bancorp,Financials,Diversified Banks,CIK:0000036104,,,non_authoritative_reconciliation,https://en.wikipedia.org/wiki/List_of_S%26P_500_companies,2026-07-28T06:00:47.167136Z,2026-07-28T06:00:47.167136Z
V,V,Visa Inc.,Financials,Transaction & Payment Processing Services,CIK:0001403161,,,non_authoritative_reconciliation,https://en.wikipedia.org/wiki/List_of_S%26P_500_companies,2026-07-28T06:00:47.167136Z,2026-07-28T06:00:47.167136Z
VEEV,VEEV,Veeva Systems,Health Care,Health Care Technology,CIK:0001393052,,,non_authoritative_reconciliation,https://en.wikipedia.org/wiki/List_of_S%26P_500_companies,2026-07-28T06:00:47.167136Z,2026-07-28T06:00:47.167136Z
VICI,VICI,Vici Properties,Real Estate,Hotel & Resort REITs,CIK:0001705696,,,non_authoritative_reconciliation,https://en.wikipedia.org/wiki/List_of_S%26P_500_companies,2026-07-28T06:00:47.167136Z,2026-07-28T06:00:47.167136Z
VLO,VLO,Valero Energy,Energy,Oil & Gas Refining & Marketing,CIK:0001035002,,,non_authoritative_reconciliation,https://en.wikipedia.org/wiki/List_of_S%26P_500_companies,2026-07-28T06:00:47.167136Z,2026-07-28T06:00:47.167136Z
VLTO,VLTO,Veralto,Industrials,Environmental & Facilities Services,CIK:0001967680,,,non_authoritative_reconciliation,https://en.wikipedia.org/wiki/List_of_S%26P_500_companies,2026-07-28T06:00:47.167136Z,2026-07-28T06:00:47.167136Z
VMC,VMC,Vulcan Materials Company,Materials,Construction Materials,CIK:0001396009,,,non_authoritative_reconciliation,https://en.wikipedia.org/wiki/List_of_S%26P_500_companies,2026-07-28T06:00:47.167136Z,2026-07-28T06:00:47.167136Z
VRSK,VRSK,Verisk Analytics,Industrials,Research & Consulting Services,CIK:0001442145,,,non_authoritative_reconciliation,https://en.wikipedia.org/wiki/List_of_S%26P_500_companies,2026-07-28T06:00:47.167136Z,2026-07-28T06:00:47.167136Z
VRSN,VRSN,Verisign,Information Technology,Internet Services & Infrastructure,CIK:0001014473,,,non_authoritative_reconciliation,https://en.wikipedia.org/wiki/List_of_S%26P_500_companies,2026-07-28T06:00:47.167136Z,2026-07-28T06:00:47.167136Z
VRT,VRT,Vertiv,Industrials,Electrical Components & Equipment,CIK:0001674101,,,non_authoritative_reconciliation,https://en.wikipedia.org/wiki/List_of_S%26P_500_companies,2026-07-28T06:00:47.167136Z,2026-07-28T06:00:47.167136Z
VRTX,VRTX,Vertex Pharmaceuticals,Health Care,Biotechnology,CIK:0000875320,,,non_authoritative_reconciliation,https://en.wikipedia.org/wiki/List_of_S%26P_500_companies,2026-07-28T06:00:47.167136Z,2026-07-28T06:00:47.167136Z
VST,VST,Vistra Corp.,Utilities,Electric Utilities,CIK:0001692819,,,non_authoritative_reconciliation,https://en.wikipedia.org/wiki/List_of_S%26P_500_companies,2026-07-28T06:00:47.167136Z,2026-07-28T06:00:47.167136Z
VTR,VTR,Ventas,Real Estate,Health Care REITs,CIK:0000740260,,,non_authoritative_reconciliation,https://en.wikipedia.org/wiki/List_of_S%26P_500_companies,2026-07-28T06:00:47.167136Z,2026-07-28T06:00:47.167136Z
VTRS,VTRS,Viatris,Health Care,Pharmaceuticals,CIK:0001792044,,,non_authoritative_reconciliation,https://en.wikipedia.org/wiki/List_of_S%26P_500_companies,2026-07-28T06:00:47.167136Z,2026-07-28T06:00:47.167136Z
VZ,VZ,Verizon,Communication Services,Integrated Telecommunication Services,CIK:0000732712,,,non_authoritative_reconciliation,https://en.wikipedia.org/wiki/List_of_S%26P_500_companies,2026-07-28T06:00:47.167136Z,2026-07-28T06:00:47.167136Z
WAB,WAB,Wabtec,Industrials,Construction Machinery & Heavy Transportation Equipment,CIK:0000943452,,,non_authoritative_reconciliation,https://en.wikipedia.org/wiki/List_of_S%26P_500_companies,2026-07-28T06:00:47.167136Z,2026-07-28T06:00:47.167136Z
WAT,WAT,Waters Corporation,Health Care,Life Sciences Tools & Services,CIK:0001000697,,,non_authoritative_reconciliation,https://en.wikipedia.org/wiki/List_of_S%26P_500_companies,2026-07-28T06:00:47.167136Z,2026-07-28T06:00:47.167136Z
WBD,WBD,Warner Bros. Discovery,Communication Services,Broadcasting,CIK:0001437107,,,non_authoritative_reconciliation,https://en.wikipedia.org/wiki/List_of_S%26P_500_companies,2026-07-28T06:00:47.167136Z,2026-07-28T06:00:47.167136Z
WDAY,WDAY,"Workday, Inc.",Information Technology,Application Software,CIK:0001327811,,,non_authoritative_reconciliation,https://en.wikipedia.org/wiki/List_of_S%26P_500_companies,2026-07-28T06:00:47.167136Z,2026-07-28T06:00:47.167136Z
WDC,WDC,Western Digital,Information Technology,"Technology Hardware, Storage & Peripherals",CIK:0000106040,,,non_authoritative_reconciliation,https://en.wikipedia.org/wiki/List_of_S%26P_500_companies,2026-07-28T06:00:47.167136Z,2026-07-28T06:00:47.167136Z
WEC,WEC,WEC Energy Group,Utilities,Electric Utilities,CIK:0000783325,,,non_authoritative_reconciliation,https://en.wikipedia.org/wiki/List_of_S%26P_500_companies,2026-07-28T06:00:47.167136Z,2026-07-28T06:00:47.167136Z
WELL,WELL,Welltower,Real Estate,Health Care REITs,CIK:0000766704,,,non_authoritative_reconciliation,https://en.wikipedia.org/wiki/List_of_S%26P_500_companies,2026-07-28T06:00:47.167136Z,2026-07-28T06:00:47.167136Z
WFC,WFC,Wells Fargo,Financials,Diversified Banks,CIK:0000072971,,,non_authoritative_reconciliation,https://en.wikipedia.org/wiki/List_of_S%26P_500_companies,2026-07-28T06:00:47.167136Z,2026-07-28T06:00:47.167136Z
WM,WM,Waste Management,Industrials,Environmental & Facilities Services,CIK:0000823768,,,non_authoritative_reconciliation,https://en.wikipedia.org/wiki/List_of_S%26P_500_companies,2026-07-28T06:00:47.167136Z,2026-07-28T06:00:47.167136Z
WMB,WMB,Williams Companies,Energy,Oil & Gas Storage & Transportation,CIK:0000107263,,,non_authoritative_reconciliation,https://en.wikipedia.org/wiki/List_of_S%26P_500_companies,2026-07-28T06:00:47.167136Z,2026-07-28T06:00:47.167136Z
WMT,WMT,Walmart,Consumer Staples,Consumer Staples Merchandise Retail,CIK:0000104169,,,non_authoritative_reconciliation,https://en.wikipedia.org/wiki/List_of_S%26P_500_companies,2026-07-28T06:00:47.167136Z,2026-07-28T06:00:47.167136Z
WRB,WRB,W. R. Berkley Corporation,Financials,Property & Casualty Insurance,CIK:0000011544,,,non_authoritative_reconciliation,https://en.wikipedia.org/wiki/List_of_S%26P_500_companies,2026-07-28T06:00:47.167136Z,2026-07-28T06:00:47.167136Z
WSM,WSM,"Williams-Sonoma, Inc.",Consumer Discretionary,Homefurnishing Retail,CIK:0000719955,,,non_authoritative_reconciliation,https://en.wikipedia.org/wiki/List_of_S%26P_500_companies,2026-07-28T06:00:47.167136Z,2026-07-28T06:00:47.167136Z
WST,WST,West Pharmaceutical Services,Health Care,Health Care Supplies,CIK:0000105770,,,non_authoritative_reconciliation,https://en.wikipedia.org/wiki/List_of_S%26P_500_companies,2026-07-28T06:00:47.167136Z,2026-07-28T06:00:47.167136Z
WTW,WTW,Willis Towers Watson,Financials,Insurance Brokers,CIK:0001140536,,,non_authoritative_reconciliation,https://en.wikipedia.org/wiki/List_of_S%26P_500_companies,2026-07-28T06:00:47.167136Z,2026-07-28T06:00:47.167136Z
WY,WY,Weyerhaeuser,Real Estate,Timber REITs,CIK:0000106535,,,non_authoritative_reconciliation,https://en.wikipedia.org/wiki/List_of_S%26P_500_companies,2026-07-28T06:00:47.167136Z,2026-07-28T06:00:47.167136Z
WYNN,WYNN,Wynn Resorts,Consumer Discretionary,Casinos & Gaming,CIK:0001174922,,,non_authoritative_reconciliation,https://en.wikipedia.org/wiki/List_of_S%26P_500_companies,2026-07-28T06:00:47.167136Z,2026-07-28T06:00:47.167136Z
XEL,XEL,Xcel Energy,Utilities,Multi-Utilities,CIK:0000072903,,,non_authoritative_reconciliation,https://en.wikipedia.org/wiki/List_of_S%26P_500_companies,2026-07-28T06:00:47.167136Z,2026-07-28T06:00:47.167136Z
XOM,XOM,ExxonMobil,Energy,Integrated Oil & Gas,CIK:0000034088,,,non_authoritative_reconciliation,https://en.wikipedia.org/wiki/List_of_S%26P_500_companies,2026-07-28T06:00:47.167136Z,2026-07-28T06:00:47.167136Z
XYL,XYL,Xylem Inc.,Industrials,Industrial Machinery & Supplies & Components,CIK:0001524472,,,non_authoritative_reconciliation,https://en.wikipedia.org/wiki/List_of_S%26P_500_companies,2026-07-28T06:00:47.167136Z,2026-07-28T06:00:47.167136Z
XYZ,XYZ,"Block, Inc.",Financials,Transaction & Payment Processing Services,CIK:0001512673,,,non_authoritative_reconciliation,https://en.wikipedia.org/wiki/List_of_S%26P_500_companies,2026-07-28T06:00:47.167136Z,2026-07-28T06:00:47.167136Z
YUM,YUM,Yum! Brands,Consumer Discretionary,Restaurants,CIK:0001041061,,,non_authoritative_reconciliation,https://en.wikipedia.org/wiki/List_of_S%26P_500_companies,2026-07-28T06:00:47.167136Z,2026-07-28T06:00:47.167136Z
ZBH,ZBH,Zimmer Biomet,Health Care,Health Care Equipment,CIK:0001136869,,,non_authoritative_reconciliation,https://en.wikipedia.org/wiki/List_of_S%26P_500_companies,2026-07-28T06:00:47.167136Z,2026-07-28T06:00:47.167136Z
ZBRA,ZBRA,Zebra Technologies,Information Technology,Electronic Equipment & Instruments,CIK:0000877212,,,non_authoritative_reconciliation,https://en.wikipedia.org/wiki/List_of_S%26P_500_companies,2026-07-28T06:00:47.167136Z,2026-07-28T06:00:47.167136Z
ZTS,ZTS,Zoetis,Health Care,Pharmaceuticals,CIK:0001555280,,,non_authoritative_reconciliation,https://en.wikipedia.org/wiki/List_of_S%26P_500_companies,2026-07-28T06:00:47.167136Z,2026-07-28T06:00:47.167136Z
